Date,Open,High,Low,Close,Volume,Adj Close
2013-12-31,102.86,103.54,102.65,102.69,63000,102.69
2013-12-30,102.77,102.93,102.50,102.75,17200,102.75
2013-12-27,103.05,103.05,102.32,102.60,53100,102.60
2013-12-26,103.15,103.35,102.72,102.79,12000,102.79
2013-12-24,102.65,103.04,102.65,102.96,10600,102.96
2013-12-23,101.69,102.44,101.69,102.33,18600,102.33
2013-12-20,99.93,102.48,98.33,101.60,23000,101.60
2013-12-19,102.91,102.98,102.04,102.12,17200,99.68
2013-12-18,101.80,103.10,101.37,103.10,34200,100.63
2013-12-17,101.90,101.90,101.22,101.63,11500,99.20
2013-12-16,101.17,102.01,101.17,101.83,17300,99.39
2013-12-13,100.68,100.95,100.22,100.74,23400,98.33
2013-12-12,100.26,100.78,100.08,100.28,11600,97.88
2013-12-11,101.60,101.60,99.86,100.04,20200,97.65
2013-12-10,102.18,102.50,101.51,101.60,40800,99.17
2013-12-09,102.85,102.85,102.31,102.59,29800,100.14
2013-12-06,102.80,103.18,102.57,102.85,11700,100.39
2013-12-05,101.68,102.17,101.59,101.97,9500,99.53
2013-12-04,101.55,102.68,100.89,101.73,17100,99.30
2013-12-03,102.30,102.68,101.68,102.18,8200,99.74
2013-12-02,103.95,104.39,102.15,102.52,53400,100.07
2013-11-29,104.18,105.09,103.80,103.91,7900,101.43
2013-11-27,103.23,103.85,103.23,103.78,9200,101.30
2013-11-26,102.36,103.38,102.28,103.13,10000,100.66
2013-11-25,102.70,105.33,102.24,102.35,20200,99.90
2013-11-22,102.08,102.49,101.66,102.49,10500,100.04
2013-11-21,100.46,102.02,100.46,101.75,10000,99.32
2013-11-20,100.65,100.86,99.91,100.15,17100,97.76
2013-11-19,100.93,101.55,100.07,100.20,14000,97.80
2013-11-18,101.46,101.68,100.41,100.85,17400,98.44
2013-11-15,101.04,101.39,100.80,101.18,4000,98.76
2013-11-14,100.85,101.01,100.21,100.88,9600,98.47
2013-11-13,99.45,100.58,99.44,100.58,105300,98.17
2013-11-12,99.84,99.99,99.43,99.86,18500,97.47
2013-11-11,100.14,100.26,99.70,99.98,558100,97.59
2013-11-08,98.35,100.18,98.35,99.82,12300,97.43
2013-11-07,100.04,100.31,98.20,98.37,7600,96.02
2013-11-06,100.16,100.17,99.75,99.77,6800,97.38
2013-11-05,99.50,100.21,99.50,100.00,13700,97.61
2013-11-04,99.20,100.12,99.20,100.11,7500,97.72
2013-11-01,99.70,101.21,98.25,98.95,19400,96.58
2013-10-31,99.80,99.99,99.14,99.79,9300,97.40
2013-10-30,101.08,101.08,99.69,100.00,109300,97.61
2013-10-29,101.08,101.31,100.45,101.00,8200,98.58
2013-10-28,100.70,100.72,100.09,100.70,10000,98.29
2013-10-25,100.46,100.66,100.08,100.37,17800,97.97
2013-10-24,100.00,100.64,99.68,100.46,20000,98.06
2013-10-23,99.43,99.99,99.30,99.86,17400,97.47
2013-10-22,100.28,100.66,99.71,100.22,11300,97.82
2013-10-21,100.01,100.26,99.72,99.83,33400,97.44
2013-10-18,99.58,101.54,98.30,100.01,11600,97.62
2013-10-17,97.40,98.67,97.40,98.67,28100,96.31
2013-10-16,97.10,97.96,96.59,97.75,106500,95.41
2013-10-15,97.53,97.57,96.50,96.91,36600,94.59
2013-10-14,96.76,97.86,95.91,97.72,10400,95.38
2013-10-11,95.52,97.05,95.52,97.01,7500,94.69
2013-10-10,94.95,95.89,94.62,95.67,15400,93.38
2013-10-09,94.00,94.12,93.01,93.66,21100,91.42
2013-10-08,95.07,95.07,93.60,93.70,9700,91.46
2013-10-07,95.24,95.44,93.70,94.88,13400,92.61
2013-10-04,95.51,96.24,95.29,95.91,6300,93.62
2013-10-03,96.29,96.64,94.92,95.45,26900,93.17
2013-10-02,96.48,96.69,96.25,96.37,72700,94.07
2013-10-01,95.96,96.83,95.40,96.79,14800,94.48
2013-09-30,94.88,95.89,94.84,95.84,18800,93.55
2013-09-27,95.23,96.01,95.23,95.89,9000,93.60
2013-09-26,95.63,96.45,95.58,95.90,16800,93.61
2013-09-25,95.64,96.43,95.39,95.66,14300,93.37
2013-09-24,95.57,96.50,95.25,96.20,15800,93.90
2013-09-23,95.06,95.63,94.95,95.55,15000,93.27
2013-09-20,96.10,97.09,95.47,95.51,29600,93.23
2013-09-19,96.15,96.79,95.61,95.78,41700,93.27
2013-09-18,95.13,96.39,94.41,96.07,15300,93.55
2013-09-17,94.36,95.12,94.00,95.12,6400,92.62
2013-09-16,95.15,95.15,94.34,94.37,11700,91.89
2013-09-13,93.90,94.20,93.51,94.13,6900,91.66
2013-09-12,94.01,94.17,93.52,93.59,14900,91.13
2013-09-11,94.78,94.78,93.93,94.17,25600,91.70
2013-09-10,93.90,94.79,93.60,93.93,16300,91.46
2013-09-09,92.19,93.17,92.19,93.17,7400,90.72
2013-09-06,91.88,92.32,90.51,92.00,7800,89.58
2013-09-05,91.84,92.12,91.65,91.97,5000,89.56
2013-09-04,90.84,91.74,90.83,91.46,11300,89.06
2013-09-03,91.76,91.80,90.04,91.13,43600,88.74
2013-08-30,91.94,91.94,90.46,90.47,11800,88.09
2013-08-29,91.13,92.20,91.13,91.80,15400,89.39
2013-08-28,90.77,91.37,90.77,91.14,7500,88.75
2013-08-27,92.10,92.16,90.77,90.77,19300,88.39
2013-08-26,93.16,93.80,92.71,92.96,130500,90.52
2013-08-23,93.17,93.17,92.51,92.89,24100,90.45
2013-08-22,92.09,92.96,92.09,92.83,8700,90.39
2013-08-21,91.91,92.44,91.28,91.63,13500,89.22
2013-08-20,91.00,92.36,91.00,92.22,11000,89.80
2013-08-19,91.45,91.68,90.82,90.82,5600,88.44
2013-08-16,91.52,92.14,91.50,91.61,12200,89.20
2013-08-15,92.50,92.61,91.72,91.72,14000,89.31
2013-08-14,94.04,94.04,93.56,93.67,6100,91.21
2013-08-13,94.01,94.03,93.34,93.90,16100,91.43
2013-08-12,92.92,93.87,92.92,93.82,8300,91.36
2013-08-09,93.69,93.84,93.16,93.68,5400,91.22
2013-08-08,93.71,93.71,92.94,93.51,12100,91.05
2013-08-07,93.48,93.59,92.83,93.01,16100,90.57
2013-08-06,94.25,94.50,93.30,93.62,21200,91.16
2013-08-05,94.15,94.56,93.81,94.34,5000,91.86
2013-08-02,93.67,94.08,93.42,93.96,16400,91.49
2013-08-01,93.81,94.05,93.64,93.91,16300,91.44
2013-07-31,92.73,93.45,92.73,92.82,10700,90.38
2013-07-30,92.72,92.86,92.22,92.54,28900,90.11
2013-07-29,92.63,93.11,92.05,92.27,7500,89.85
2013-07-26,92.83,92.95,92.40,92.91,13500,90.47
2013-07-25,92.41,93.41,91.26,93.32,12900,90.87
2013-07-24,93.70,93.70,92.55,92.68,20300,90.25
2013-07-23,93.78,93.89,93.21,93.33,10000,90.88
2013-07-22,93.40,93.63,93.22,93.51,20400,91.05
2013-07-19,93.27,93.29,92.80,93.23,27200,90.78
2013-07-18,92.79,93.47,92.79,93.18,9500,90.73
2013-07-17,92.62,92.84,92.31,92.42,15700,89.99
2013-07-16,92.46,92.76,91.92,92.03,6200,89.61
2013-07-15,92.26,92.71,92.26,92.63,29900,90.20
2013-07-12,91.82,92.40,91.82,92.19,18300,89.77
2013-07-11,92.00,92.45,91.50,91.99,21400,89.57
2013-07-10,90.86,91.26,90.64,91.13,52700,88.74
2013-07-09,90.99,91.08,90.34,90.77,14200,88.39
2013-07-08,89.86,90.26,89.80,89.97,9700,87.61
2013-07-05,88.77,89.58,88.75,89.58,6300,87.23
2013-07-03,88.07,88.64,87.86,88.64,3500,86.31
2013-07-02,88.16,88.70,87.63,88.21,11300,85.89
2013-07-01,87.11,88.45,87.08,87.88,23700,85.57
2013-06-28,86.25,87.47,86.25,86.82,7900,84.54
2013-06-27,86.20,87.22,86.17,87.22,10400,84.93
2013-06-26,86.37,86.37,85.50,85.70,20700,83.45
2013-06-25,85.26,85.66,84.91,85.52,8700,83.27
2013-06-24,84.89,85.30,84.00,84.62,40600,82.40
2013-06-21,85.47,85.77,84.50,85.60,13500,83.35
2013-06-20,86.54,86.54,85.46,85.46,13400,82.95
2013-06-19,88.79,88.81,87.85,87.93,8600,85.35
2013-06-18,87.99,89.14,87.93,88.96,7100,86.35
2013-06-17,88.01,88.06,87.41,87.82,3200,85.24
2013-06-14,87.79,87.83,86.98,87.46,5500,84.89
2013-06-13,86.40,88.01,86.23,88.01,8900,85.43
2013-06-12,87.75,87.75,86.38,86.57,23400,84.03
2013-06-11,86.86,87.90,86.67,87.39,33900,84.83
2013-06-10,87.99,88.18,87.79,88.12,10000,85.53
2013-06-07,87.41,87.83,86.96,87.83,6800,85.25
2013-06-06,86.10,86.86,85.65,86.86,9700,84.31
2013-06-05,87.02,87.33,86.16,86.39,7100,83.85
2013-06-04,87.82,88.52,86.71,87.29,11100,84.73
2013-06-03,87.43,87.76,86.71,87.76,3600,85.18
2013-05-31,86.93,88.14,86.93,87.34,6200,84.78
2013-05-30,88.00,88.34,87.82,88.18,17900,85.59
2013-05-29,88.20,88.46,87.22,87.66,12700,85.09
2013-05-28,88.72,89.46,88.37,88.70,9500,86.10
2013-05-24,87.08,87.47,86.76,87.37,10900,84.81
2013-05-23,86.89,87.43,85.74,87.43,13000,84.86
2013-05-22,89.03,89.52,87.17,87.60,9400,85.03
2013-05-21,88.85,89.14,88.67,88.93,5800,86.32
2013-05-20,88.52,89.16,88.49,88.72,23000,86.12
2013-05-17,87.74,88.57,87.74,88.51,7400,85.91
2013-05-16,87.69,88.03,87.39,87.39,14800,84.83
2013-05-15,87.41,88.16,87.32,87.80,8800,85.22
2013-05-14,86.62,87.58,86.43,87.35,10600,84.79
2013-05-13,86.43,86.62,86.23,86.35,10700,83.82
2013-05-10,86.23,86.72,86.05,86.71,8200,84.17
2013-05-09,86.00,86.30,85.76,85.93,4900,83.41
2013-05-08,85.90,86.07,85.64,85.96,26600,83.44
2013-05-07,85.08,85.89,85.00,85.89,11700,83.37
2013-05-06,84.61,85.11,84.56,84.79,5700,82.30
2013-05-03,84.87,85.02,84.43,84.55,11000,82.07
2013-05-02,82.07,83.27,82.07,83.20,7300,80.76
2013-05-01,83.48,83.56,81.74,81.90,8900,79.50
2013-04-30,83.31,83.74,83.04,83.74,8000,81.28
2013-04-29,82.81,83.41,82.81,83.25,8100,80.81
2013-04-26,82.86,82.87,82.35,82.72,5000,80.29
2013-04-25,83.11,83.60,83.02,83.03,5400,80.59
2013-04-24,82.16,82.68,81.97,82.46,5100,80.04
2013-04-23,81.51,82.07,81.27,81.98,13600,79.57
2013-04-22,80.70,80.99,79.71,80.81,18500,78.44
2013-04-19,80.00,80.77,79.75,80.65,6200,78.28
2013-04-18,80.29,80.35,79.56,79.56,5100,77.23
2013-04-17,81.02,81.02,79.63,80.33,15300,77.97
2013-04-16,80.83,81.49,80.59,81.32,9500,78.93
2013-04-15,82.57,82.57,79.90,80.32,14600,77.96
2013-04-12,83.39,83.39,82.93,83.12,3500,80.68
2013-04-11,83.64,84.06,83.18,83.64,6500,81.19
2013-04-10,82.42,83.53,82.37,83.41,10000,80.96
2013-04-09,82.42,82.56,82.01,82.26,11300,79.85
2013-04-08,81.89,82.39,81.58,82.37,8000,79.95
2013-04-05,80.88,81.73,80.76,81.73,4300,79.33
2013-04-04,81.29,81.84,81.14,81.84,4600,79.44
2013-04-03,82.70,82.70,81.09,81.21,10800,78.83
2013-04-02,83.20,83.42,82.62,82.76,8100,80.33
2013-04-01,83.77,83.87,82.38,82.80,30300,80.37
2013-03-28,83.85,84.05,83.78,83.78,5900,81.32
2013-03-27,83.45,83.91,83.00,83.91,6200,81.45
2013-03-26,83.96,83.96,83.35,83.87,8200,81.41
2013-03-25,83.83,84.29,82.94,83.52,188200,81.07
2013-03-22,83.66,83.66,83.35,83.38,6200,80.93
2013-03-21,83.69,83.73,83.16,83.26,15400,80.82
2013-03-20,83.54,83.97,83.54,83.93,2600,81.47
2013-03-19,83.55,83.91,82.62,83.15,9300,80.71
2013-03-18,83.25,83.79,83.13,83.45,25800,81.00
2013-03-15,83.93,84.19,83.73,83.85,6600,81.39
2013-03-14,83.46,84.12,83.44,84.00,9800,81.39
2013-03-13,82.92,83.30,82.59,83.27,16800,80.68
2013-03-12,83.57,83.57,82.55,82.77,9600,80.19
2013-03-11,82.95,83.11,82.77,83.11,16600,80.52
2013-03-08,83.08,83.17,82.40,83.17,21300,80.58
2013-03-07,82.08,82.38,81.97,82.38,14800,79.82
2013-03-06,82.00,82.10,81.78,82.09,8600,79.54
2013-03-05,81.66,82.05,81.62,81.84,17000,79.29
2013-03-04,80.87,80.90,80.34,80.87,8600,78.35
2013-03-01,80.18,81.00,79.57,80.96,17600,78.44
2013-02-28,80.82,81.09,80.53,80.53,6100,78.02
2013-02-27,79.50,80.87,79.50,80.78,13600,78.27
2013-02-26,79.76,79.78,79.03,79.62,23900,77.14
2013-02-25,81.57,81.57,79.10,79.10,16900,76.64
2013-02-22,80.55,80.89,80.55,80.89,4400,78.37
2013-02-21,80.74,80.89,79.70,80.23,10400,77.73
2013-02-20,82.67,82.67,80.89,80.89,11200,78.37
2013-02-19,81.83,82.38,81.70,82.38,10200,79.82
2013-02-15,81.68,81.89,81.45,81.63,21600,79.09
2013-02-14,81.68,81.79,81.63,81.70,14500,79.16
2013-02-13,81.33,81.41,80.98,81.31,19300,78.78
2013-02-12,81.13,81.27,80.89,81.19,10400,78.66
2013-02-11,80.97,80.97,80.44,80.68,13200,78.17
2013-02-08,80.68,81.02,80.68,81.01,7300,78.49
2013-02-07,80.58,80.58,79.88,80.33,5000,77.83
2013-02-06,79.83,80.46,79.63,80.46,11600,77.96
2013-02-05,80.06,80.42,80.06,80.29,6800,77.79
2013-02-04,80.04,80.12,79.36,79.39,10500,76.92
2013-02-01,80.13,80.69,79.98,80.53,19000,78.02
2013-01-31,79.36,79.71,79.36,79.64,8000,77.16
2013-01-30,80.24,80.24,79.01,79.33,9600,76.86
2013-01-29,80.19,80.28,79.88,80.28,20300,77.78
2013-01-28,80.50,80.50,79.87,80.23,13400,77.73
2013-01-25,80.40,80.48,79.87,80.25,21900,77.75
2013-01-24,79.83,80.17,79.59,79.93,15900,77.44
2013-01-23,79.56,79.56,79.23,79.30,16100,76.83
2013-01-22,78.93,79.58,78.80,79.58,17400,77.10
2013-01-18,78.49,79.00,78.49,79.00,18700,76.54
2013-01-17,78.22,78.72,78.15,78.61,21900,76.16
2013-01-16,78.03,78.04,77.72,77.89,10500,75.47
2013-01-15,77.34,77.93,77.34,77.90,14800,75.48
2013-01-14,77.52,77.86,77.36,77.67,15100,75.25
2013-01-11,77.74,77.76,77.35,77.64,25700,75.22
2013-01-10,77.82,77.82,77.22,77.57,75400,75.16
2013-01-09,77.59,77.73,77.37,77.60,8700,75.19
2013-01-08,77.28,77.35,76.86,77.21,29200,74.81
2013-01-07,77.60,77.60,77.13,77.44,9400,75.03
2013-01-04,77.66,77.96,77.34,77.84,30700,75.42
2013-01-03,77.50,77.80,76.98,76.98,10600,74.58
2013-01-02,76.78,77.48,76.78,77.38,41800,74.97
2012-12-31,73.73,75.24,73.28,75.11,42600,72.77
2012-12-28,73.67,74.36,73.67,73.96,13200,71.66
2012-12-27,74.19,74.35,73.25,74.35,49200,72.04
2012-12-26,75.08,75.08,74.24,74.28,31300,71.97
2012-12-24,74.83,75.09,74.73,74.83,26200,72.50
2012-12-21,74.39,75.16,74.25,75.06,14500,72.72
2012-12-20,75.47,76.10,75.39,75.85,17300,72.94
2012-12-19,75.48,76.03,75.42,75.53,35900,72.63
2012-12-18,74.73,75.57,74.59,75.33,25700,72.44
2012-12-17,73.75,74.39,73.67,74.38,7000,71.52
2012-12-14,73.37,73.70,73.27,73.40,15000,70.58
2012-12-13,74.09,74.09,73.30,73.53,6100,70.71
2012-12-12,74.51,74.74,73.91,73.91,6600,71.07
2012-12-11,74.24,74.99,74.10,74.39,9600,71.53
2012-12-10,73.63,73.89,73.56,73.71,5200,70.88
2012-12-07,73.45,73.53,73.12,73.40,14200,70.58
2012-12-06,73.48,73.48,73.29,73.36,7600,70.54
2012-12-05,73.79,73.79,72.90,73.31,9500,70.50
2012-12-04,73.58,73.59,72.86,73.55,12900,70.73
2012-12-03,73.30,73.40,73.17,73.21,3900,70.40
2012-11-30,73.68,73.68,73.10,73.10,5100,70.29
2012-11-29,73.57,73.79,73.27,73.71,3100,70.88
2012-11-28,71.73,72.87,71.67,72.65,6100,69.86
2012-11-27,72.77,72.79,72.34,72.60,3700,69.81
2012-11-26,71.76,72.20,71.76,72.20,1600,69.43
2012-11-23,71.53,72.03,71.48,71.72,3800,68.97
2012-11-21,71.21,71.76,71.00,71.18,3000,68.45
2012-11-20,70.58,71.02,70.50,71.02,8800,68.29
2012-11-19,70.10,70.91,70.10,70.83,13300,68.11
2012-11-16,68.54,69.40,68.20,69.40,2500,66.74
2012-11-15,69.17,69.38,68.11,69.01,19500,66.36
2012-11-14,70.69,70.69,69.15,69.25,10700,66.59
2012-11-13,70.66,71.20,70.59,70.59,5100,67.88
2012-11-12,71.23,71.29,70.75,70.87,16700,68.15
2012-11-09,70.86,71.62,70.69,70.94,6000,68.22
2012-11-08,71.91,72.14,71.05,71.05,13500,68.32
2012-11-07,72.88,72.88,70.28,72.14,7000,69.37
2012-11-06,73.13,73.94,73.13,73.75,6000,70.92
2012-11-05,72.46,73.15,72.22,72.96,15400,70.16
2012-11-02,73.87,73.87,72.57,72.57,11900,69.78
2012-11-01,73.00,73.58,72.67,73.47,7000,70.65
2012-10-31,72.33,72.74,71.93,72.74,24100,69.95
2012-10-26,72.36,72.36,71.62,72.22,8200,69.45
2012-10-25,72.62,72.62,72.00,72.21,4100,69.44
2012-10-24,72.71,72.71,72.05,72.10,6100,69.33
2012-10-23,72.25,72.38,71.51,72.38,21700,69.60
2012-10-22,72.64,72.71,72.32,72.68,9600,69.89
2012-10-19,73.21,73.41,72.40,72.78,18400,69.99
2012-10-18,74.29,74.46,73.93,74.10,14400,71.26
2012-10-17,74.01,74.52,73.99,74.28,17300,71.43
2012-10-16,73.57,73.81,73.51,73.73,12500,70.90
2012-10-15,73.22,73.22,72.76,73.06,3300,70.25
2012-10-12,73.27,73.27,72.48,72.70,30400,69.91
2012-10-11,73.57,73.73,73.25,73.27,16600,70.46
2012-10-10,73.20,73.25,72.94,73.21,5900,70.40
2012-10-09,73.90,74.21,73.13,73.13,5600,70.32
2012-10-08,74.32,74.38,74.04,74.07,5800,71.23
2012-10-05,75.06,75.55,74.41,74.63,5900,71.76
2012-10-04,74.37,74.72,74.04,74.51,4800,71.65
2012-10-03,74.16,74.68,74.12,74.18,2400,71.33
2012-10-02,74.73,74.73,74.18,74.34,11200,71.49
2012-10-01,74.53,75.03,74.03,74.43,76100,71.57
2012-09-28,74.57,74.60,74.18,74.19,3800,71.34
2012-09-27,74.12,75.00,74.00,74.88,10200,72.01
2012-09-26,74.12,74.15,73.59,73.76,5200,70.93
2012-09-25,75.67,75.96,74.42,74.42,6000,71.56
2012-09-24,75.46,75.82,75.27,75.37,138900,72.48
2012-09-21,76.25,76.38,75.84,75.84,4300,72.93
2012-09-20,75.46,75.78,75.46,75.65,3200,72.54
2012-09-19,76.71,76.92,76.18,76.18,19700,73.05
2012-09-18,76.48,76.53,76.14,76.40,4200,73.26
2012-09-17,76.84,76.84,76.33,76.44,13900,73.30
2012-09-14,76.73,77.57,76.73,77.10,29500,73.93
2012-09-13,75.40,77.02,75.32,76.49,6200,73.35
2012-09-12,75.61,75.61,75.23,75.47,4500,72.37
2012-09-11,75.09,75.59,75.09,75.33,5400,72.23
2012-09-10,75.33,75.51,75.00,75.10,10800,72.01
2012-09-07,75.22,75.42,75.14,75.20,4800,72.11
2012-09-06,74.00,75.14,74.00,74.91,4800,71.83
2012-09-05,73.61,73.84,73.37,73.50,7400,70.48
2012-09-04,72.72,73.72,72.31,73.61,2200,70.58
2012-08-31,72.97,72.97,72.39,72.84,7800,69.85
2012-08-30,72.40,72.65,72.40,72.56,2300,69.58
2012-08-29,73.07,73.42,73.00,73.26,3000,70.25
2012-08-28,72.38,73.01,72.38,72.85,13000,69.86
2012-08-27,72.58,72.72,72.24,72.30,12600,69.33
2012-08-24,72.64,72.64,72.31,72.43,5600,69.45
2012-08-23,72.43,72.45,71.95,72.23,7500,69.26
2012-08-22,72.46,72.80,72.32,72.67,36700,69.68
2012-08-21,73.36,73.90,73.02,73.02,5400,70.02
2012-08-20,73.03,73.08,72.56,72.90,7800,69.90
2012-08-17,72.79,73.22,72.76,73.14,2500,70.13
2012-08-16,72.01,72.92,71.60,72.74,5100,69.75
2012-08-15,70.92,71.89,70.92,71.89,11800,68.94
2012-08-14,71.76,71.79,71.11,71.11,9900,68.19
2012-08-13,71.58,71.70,70.82,71.57,31500,68.63
2012-08-10,71.56,71.82,71.29,71.76,8100,68.81
2012-08-09,71.93,71.93,71.60,71.75,4600,68.80
2012-08-08,71.64,71.78,71.46,71.66,1700,68.71
2012-08-07,71.54,72.00,71.38,71.65,4200,68.71
2012-08-06,70.51,71.39,70.38,70.95,10200,68.03
2012-08-03,70.35,73.10,69.69,70.49,40100,67.59
2012-08-02,68.26,68.70,68.26,68.56,3000,65.74
2012-08-01,69.92,69.98,68.84,68.84,2600,66.01
2012-07-31,70.47,70.47,70.05,70.05,13000,67.17
2012-07-30,70.91,71.26,70.20,70.20,2800,67.31
2012-07-27,69.58,70.89,69.58,70.89,13800,67.98
2012-07-26,69.45,69.45,68.81,69.09,6800,66.25
2012-07-25,68.77,68.96,68.30,68.38,4300,65.57
2012-07-24,69.61,69.61,68.23,68.23,4200,65.43
2012-07-23,69.19,69.40,68.65,69.40,7100,66.55
2012-07-20,70.68,70.68,70.30,70.30,3100,67.41
2012-07-19,72.46,72.46,71.17,71.17,3600,68.24
2012-07-18,70.90,71.59,70.90,71.21,9500,68.28
2012-07-17,71.99,71.99,70.00,70.64,13600,67.74
2012-07-16,70.56,70.89,70.25,70.77,2200,67.86
2012-07-13,70.24,70.98,70.24,70.94,5000,68.02
2012-07-12,69.49,69.69,68.92,69.69,4300,66.83
2012-07-11,70.34,70.44,69.79,69.99,61700,67.11
2012-07-10,71.40,71.43,67.21,70.14,8300,67.26
2012-07-09,66.81,71.01,66.81,70.98,3300,68.06
2012-07-06,71.44,71.44,70.92,70.92,2700,68.01
2012-07-05,71.94,72.20,71.90,72.01,5600,69.05
2012-07-03,71.21,71.98,71.05,71.83,7900,68.88
2012-07-02,68.48,70.82,68.48,70.73,13700,67.82
2012-06-29,69.98,70.67,69.98,70.53,8100,67.63
2012-06-28,68.26,68.62,67.53,68.48,2300,65.67
2012-06-27,68.26,68.40,67.96,68.38,4800,65.57
2012-06-26,67.51,67.63,67.36,67.62,3800,64.84
2012-06-25,67.28,67.28,67.10,67.16,19300,64.40
2012-06-22,68.04,68.33,67.95,68.32,3000,65.51
2012-06-21,69.07,69.07,67.46,67.47,6500,64.70
2012-06-20,69.27,69.68,68.99,69.18,5500,66.34
2012-06-19,68.58,69.77,68.58,69.49,23600,66.63
2012-06-18,68.12,68.29,67.82,68.29,2200,65.48
2012-06-15,67.73,68.23,67.73,68.12,11600,65.32
2012-06-14,66.94,67.68,66.94,67.19,3800,64.14
2012-06-13,67.28,67.84,66.67,66.77,7700,63.74
2012-06-12,67.11,67.66,66.71,67.60,5800,64.53
2012-06-11,68.85,68.85,67.90,67.94,2500,64.85
2012-06-08,67.70,68.55,67.07,68.37,2500,65.26
2012-06-07,69.26,69.31,68.05,68.19,29600,65.09
2012-06-06,67.18,68.17,67.18,68.17,5000,65.07
2012-06-05,66.04,66.54,65.65,66.42,16900,63.40
2012-06-04,66.26,66.26,65.28,65.94,7600,62.94
2012-06-01,66.67,66.67,65.82,65.94,11600,62.94
2012-05-31,68.16,68.16,67.33,67.81,2200,64.73
2012-05-30,68.42,68.42,68.07,68.17,7700,65.07
2012-05-29,69.03,69.53,68.64,69.33,5000,66.18
2012-05-25,68.34,68.54,68.25,68.35,2700,65.25
2012-05-24,68.34,68.43,67.74,68.18,12500,65.08
2012-05-23,67.53,68.34,66.88,68.28,48000,65.18
2012-05-22,68.53,68.78,67.66,67.66,13100,64.59
2012-05-21,67.48,68.43,66.82,68.43,4500,65.32
2012-05-18,67.83,67.98,67.00,67.55,6700,64.48
2012-05-17,69.28,69.28,67.77,67.77,11600,64.69
2012-05-16,70.17,70.23,69.32,69.32,5100,66.17
2012-05-15,69.83,70.36,69.77,69.83,32000,66.66
2012-05-14,69.78,70.01,69.56,69.76,3600,66.59
2012-05-11,70.18,70.88,70.18,70.51,9500,67.31
2012-05-10,70.88,71.43,70.00,70.88,109900,67.66
2012-05-09,69.79,70.77,69.61,70.56,18000,67.35
2012-05-08,70.48,70.81,69.84,70.81,13400,67.59
2012-05-07,70.35,70.98,70.21,70.85,913000,67.63
2012-05-04,71.63,71.63,70.67,70.72,3600,67.51
2012-05-03,72.68,72.68,71.65,71.65,11000,68.40
2012-05-02,72.00,73.02,71.91,72.91,9900,69.60
2012-05-01,72.60,73.86,72.60,72.71,27600,69.41
2012-04-30,73.17,73.17,72.65,72.84,4100,69.53
2012-04-27,72.43,73.46,72.38,73.46,3800,70.12
2012-04-26,72.29,72.70,72.19,72.69,3700,69.39
2012-04-25,72.25,72.30,71.70,71.92,6500,68.65
2012-04-24,70.47,71.16,70.34,70.95,2800,67.73
2012-04-23,70.50,70.50,69.85,70.31,11800,67.12
2012-04-20,72.03,72.10,71.55,71.55,2400,68.30
2012-04-19,71.70,72.08,71.00,71.15,4900,67.92
2012-04-18,71.81,71.81,71.28,71.64,3400,68.39
2012-04-17,71.75,72.73,71.75,72.57,8400,69.27
2012-04-16,71.29,71.65,70.44,71.09,147600,67.86
2012-04-13,70.91,71.08,70.76,70.76,4000,67.55
2012-04-12,71.62,72.03,71.62,71.65,8600,68.40
2012-04-11,70.39,70.75,70.24,70.49,8600,67.29
2012-04-10,71.19,71.19,69.63,69.67,9800,66.51
2012-04-09,71.59,71.71,71.04,71.44,9300,68.19
2012-04-05,72.82,72.82,72.45,72.58,11000,69.28
2012-04-04,73.11,73.11,72.36,72.75,16400,69.45
2012-04-03,74.38,74.38,73.76,74.12,7900,70.75
2012-04-02,73.27,74.49,73.05,74.49,21700,71.11
2012-03-30,74.20,74.20,73.41,73.84,2000,70.49
2012-03-29,73.17,73.85,72.93,73.85,3900,70.50
2012-03-28,74.23,74.30,73.34,73.77,2700,70.42
2012-03-27,74.76,75.05,74.35,74.35,6900,70.97
2012-03-26,74.09,74.72,74.09,74.70,6100,71.31
2012-03-23,72.52,73.16,72.43,73.16,2500,69.84
2012-03-22,72.38,72.67,72.10,72.64,3900,69.34
2012-03-21,73.31,73.65,73.01,73.27,11200,69.94
2012-03-20,73.29,73.42,72.99,73.31,3000,69.98
2012-03-19,73.23,74.34,73.23,73.84,11400,70.49
2012-03-16,73.76,73.76,73.26,73.26,2800,69.93
2012-03-15,72.98,73.73,72.72,73.64,7700,70.09
2012-03-14,73.62,73.80,73.04,73.08,11200,69.56
2012-03-13,72.58,73.69,72.52,73.69,4300,70.14
2012-03-12,72.15,72.33,71.97,72.19,17100,68.71
2012-03-09,71.19,72.61,71.19,72.03,6800,68.56
2012-03-08,70.89,71.16,70.86,71.16,2800,67.73
2012-03-07,69.98,70.43,69.96,70.43,2700,67.04
2012-03-06,70.48,70.48,69.66,69.74,4500,66.38
2012-03-05,70.81,71.24,70.39,71.18,24400,67.75
2012-03-02,72.11,72.11,70.57,70.93,15200,67.51
2012-03-01,71.97,72.97,71.97,72.20,13000,68.72
2012-02-29,73.32,73.32,71.92,72.04,5800,68.57
2012-02-28,73.02,73.31,72.59,72.82,5800,69.31
2012-02-27,72.49,73.18,72.01,73.16,3700,69.64
2012-02-24,73.41,73.41,72.96,73.18,10100,69.65
2012-02-23,72.36,73.34,72.12,73.26,7000,69.73
2012-02-22,72.77,72.98,72.40,72.44,12000,68.95
2012-02-21,73.52,73.66,72.79,73.00,6800,69.48
2012-02-17,73.84,73.84,73.29,73.30,7600,69.77
2012-02-16,72.16,73.26,71.99,73.18,5800,69.65
2012-02-15,73.01,73.01,71.67,71.71,21200,68.26
2012-02-14,72.61,72.61,72.00,72.51,82200,69.02
2012-02-13,72.81,72.98,72.39,72.90,7300,69.39
2012-02-10,72.29,72.31,71.88,71.93,7700,68.46
2012-02-09,73.45,73.45,72.60,73.05,3500,69.53
2012-02-08,73.46,73.65,72.80,73.27,14200,69.74
2012-02-07,73.39,73.49,72.90,73.13,5500,69.61
2012-02-06,73.35,73.50,73.07,73.22,46500,69.69
2012-02-03,73.44,73.81,73.44,73.63,4800,70.08
2012-02-02,71.95,72.28,71.95,72.13,77000,68.66
2012-02-01,71.21,71.76,71.21,71.66,4900,68.21
2012-01-31,70.40,70.48,69.79,70.25,4900,66.87
2012-01-30,69.74,70.35,69.74,70.11,6000,66.73
2012-01-27,69.79,70.60,69.79,70.57,10000,67.17
2012-01-26,70.71,70.71,70.00,70.25,5900,66.87
2012-01-25,69.62,70.62,69.62,70.47,5700,67.08
2012-01-24,69.49,70.06,69.49,70.06,3400,66.68
2012-01-23,69.78,69.85,69.10,69.52,2900,66.17
2012-01-20,69.40,69.64,69.33,69.56,10900,66.21
2012-01-19,69.46,69.66,69.26,69.37,5500,66.03
2012-01-18,67.88,68.95,67.88,68.94,24600,65.62
2012-01-17,68.38,68.64,67.79,67.79,12000,64.52
2012-01-13,67.72,68.09,67.43,67.86,17800,64.59
2012-01-12,68.27,68.38,67.66,68.38,5500,65.09
2012-01-11,67.47,68.09,67.47,67.93,22500,64.66
2012-01-10,67.99,67.99,67.75,67.75,400,64.49
2012-01-09,66.95,66.95,66.63,66.94,2500,63.72
2012-01-06,66.81,67.03,66.53,67.03,3700,63.80
2012-01-05,66.14,67.11,65.60,66.89,34200,63.67
2012-01-04,66.79,66.79,66.14,66.55,52300,63.34
2012-01-03,67.44,67.72,66.80,67.00,3400,63.77
2011-12-30,66.52,66.63,66.07,66.07,14000,62.89
2011-12-29,65.89,66.57,65.89,66.38,18200,63.18
2011-12-28,66.81,66.81,65.50,65.50,9300,62.34
2011-12-27,66.86,67.32,66.86,67.08,4800,63.85
2011-12-23,66.46,66.81,66.38,66.51,7700,63.31
2011-12-22,66.24,66.69,66.24,66.34,3500,63.14
2011-12-21,65.47,65.47,64.68,65.25,6000,62.11
2011-12-20,65.32,65.59,65.32,65.59,8800,62.43
2011-12-19,64.46,64.72,62.96,63.10,16300,60.06
2011-12-16,64.61,64.77,63.85,64.11,12500,61.02
2011-12-15,63.84,63.99,63.48,63.80,14100,60.53
2011-12-14,63.09,63.64,62.75,62.99,19100,59.76
2011-12-13,65.45,65.45,63.56,63.62,1400,60.35
2011-12-12,64.60,64.97,64.44,64.97,2200,61.64
2011-12-09,64.30,65.94,64.30,65.90,2500,62.52
2011-12-08,64.69,65.39,64.02,64.02,32100,60.73
2011-12-07,64.89,66.01,64.49,66.01,8700,62.62
2011-12-06,65.55,66.26,65.49,65.96,14900,62.57
2011-12-05,66.25,66.55,65.50,65.50,4300,62.14
2011-12-02,65.95,65.95,65.06,65.07,53400,61.73
2011-12-01,64.93,65.68,64.48,65.46,13800,62.10
2011-11-30,63.94,65.35,63.81,65.35,16200,62.00
2011-11-29,61.73,61.93,61.40,61.89,2400,58.71
2011-11-28,60.94,61.74,60.94,61.71,4400,58.54
2011-11-25,59.92,59.92,59.92,59.92,200,56.84
2011-11-23,60.66,60.68,59.87,59.96,1500,56.88
2011-11-22,62.14,62.20,61.40,61.63,12600,58.47
2011-11-21,62.30,62.30,61.19,62.10,2500,58.91
2011-11-18,63.18,63.54,63.18,63.54,2500,60.28
2011-11-17,64.53,64.53,63.34,63.34,3900,60.09
2011-11-16,64.50,65.53,64.43,64.43,5700,61.12
2011-11-15,64.23,64.93,63.85,64.93,1200,61.60
2011-11-14,64.91,64.91,64.00,64.17,3200,60.88
2011-11-11,65.35,65.41,65.17,65.17,4900,61.83
2011-11-10,64.01,64.27,63.40,63.70,5700,60.43
2011-11-09,64.43,64.44,63.86,63.86,7200,60.58
2011-11-08,65.78,65.78,65.56,65.56,600,62.20
2011-11-07,65.18,65.39,64.22,65.13,6100,61.79
2011-11-04,64.87,65.46,64.49,65.20,3000,61.85
2011-11-03,64.20,65.31,64.20,65.30,1900,61.95
2011-11-02,63.98,64.23,63.13,64.23,3000,60.93
2011-11-01,62.53,63.80,62.53,62.58,7000,59.37
2011-10-31,65.60,66.57,64.84,64.90,10200,61.57
2011-10-28,66.83,67.23,66.32,66.48,4900,63.07
2011-10-27,65.65,67.18,65.23,66.84,14100,63.41
2011-10-26,63.66,63.69,62.20,63.69,4000,60.42
2011-10-25,63.54,63.54,63.11,63.48,1300,60.22
2011-10-24,63.00,64.46,63.00,64.35,8100,61.05
2011-10-21,61.91,62.60,61.54,62.29,2500,59.09
2011-10-20,60.63,60.75,59.65,60.69,1800,57.58
2011-10-19,61.74,61.79,60.68,60.68,2400,57.57
2011-10-18,60.15,61.95,60.15,61.92,8600,58.74
2011-10-17,61.68,61.68,60.29,60.29,2000,57.20
2011-10-14,61.84,62.03,61.49,62.03,14400,58.85
2011-10-13,60.61,61.23,60.28,61.10,5800,57.96
2011-10-12,60.79,61.68,60.79,61.68,10800,58.51
2011-10-11,60.07,60.48,59.66,60.44,4100,57.34
2011-10-10,59.51,60.20,58.77,60.20,7100,57.11
2011-10-07,58.89,59.03,57.43,58.48,2700,55.48
2011-10-06,58.25,59.27,58.25,59.27,4800,56.23
2011-10-05,57.17,58.12,56.65,58.12,5500,55.14
2011-10-04,53.30,56.10,53.00,56.10,4800,53.22
2011-10-03,56.11,56.17,53.99,54.18,4000,51.40
2011-09-30,57.96,58.00,56.32,56.32,4300,53.43
2011-09-29,57.42,57.42,56.63,56.63,800,53.72
2011-09-28,58.23,58.81,57.67,57.67,2100,54.71
2011-09-27,59.03,60.23,58.93,58.93,4700,55.91
2011-09-26,57.52,57.52,56.52,57.38,7900,54.44
2011-09-23,56.24,56.63,56.16,56.59,4000,53.69
2011-09-22,55.19,56.74,55.15,56.09,21500,53.21
2011-09-21,59.43,59.79,57.74,57.74,7300,54.78
2011-09-20,60.70,61.51,59.85,59.85,11300,56.78
2011-09-19,60.76,61.38,60.09,61.38,7500,58.23
2011-09-16,61.96,61.99,61.61,61.64,1400,58.48
2011-09-15,61.65,61.91,60.98,61.85,2200,58.51
2011-09-14,60.69,61.94,60.20,61.80,73300,58.46
2011-09-13,59.51,60.14,59.51,60.14,3400,56.89
2011-09-12,57.59,58.73,57.59,58.05,22400,54.92
2011-09-09,59.83,59.92,58.19,58.65,8000,55.48
2011-09-08,61.15,61.87,61.13,61.48,2300,58.16
2011-09-07,60.43,61.58,60.43,61.54,2500,58.22
2011-09-06,57.28,59.28,57.28,59.28,6200,56.08
2011-09-02,60.28,60.76,59.97,60.04,3500,56.80
2011-09-01,63.90,63.90,61.66,61.66,10000,58.33
2011-08-31,63.30,64.01,62.36,62.86,14000,59.47
2011-08-30,62.10,63.33,62.10,63.33,3600,59.91
2011-08-29,61.46,62.80,61.35,62.80,9700,59.41
2011-08-26,59.49,60.04,59.49,59.73,1200,56.51
2011-08-25,60.59,60.59,58.76,59.24,1200,56.04
2011-08-24,59.29,60.49,59.13,60.30,3900,57.05
2011-08-23,56.82,59.54,56.82,59.54,4800,56.33
2011-08-22,56.21,57.21,56.21,56.56,3400,53.51
2011-08-19,56.36,58.25,56.36,56.58,5600,53.53
2011-08-18,59.00,59.00,57.17,57.59,5400,54.48
2011-08-17,61.74,61.74,60.62,60.81,2500,57.53
2011-08-16,61.09,61.56,60.50,61.01,7700,57.72
2011-08-15,61.40,61.88,61.16,61.88,11900,58.54
2011-08-12,60.69,60.96,59.70,60.39,41900,57.13
2011-08-11,57.59,60.26,57.40,60.26,11600,57.01
2011-08-10,57.89,59.55,57.29,57.29,40300,54.20
2011-08-09,58.20,59.59,55.23,59.04,21900,55.85
2011-08-08,59.95,61.26,56.47,56.77,23600,53.71
2011-08-05,62.99,63.15,60.64,62.00,49600,58.65
2011-08-04,65.11,65.14,62.79,62.95,10900,59.55
2011-08-03,65.83,66.33,63.77,66.33,39700,62.75
2011-08-02,67.56,68.16,65.82,65.82,25400,62.27
2011-08-01,69.18,69.18,67.35,67.67,6800,64.02
2011-07-29,67.19,68.37,67.19,68.35,3400,64.66
2011-07-28,68.48,69.23,68.30,68.30,4500,64.61
2011-07-27,69.96,69.96,68.41,68.57,9700,64.87
2011-07-26,70.86,70.90,70.35,70.35,3000,66.55
2011-07-25,70.81,71.61,70.65,71.21,2600,67.37
2011-07-22,71.53,71.98,71.53,71.93,1400,68.05
2011-07-21,71.56,72.09,71.56,71.95,3500,68.07
2011-07-20,71.57,71.57,70.84,71.27,4800,67.42
2011-07-19,70.78,71.57,70.64,71.43,3900,67.57
2011-07-18,70.30,70.30,69.43,69.86,4400,66.09
2011-07-15,70.54,70.81,70.43,70.81,9100,66.99
2011-07-14,71.58,71.88,70.24,70.49,9000,66.69
2011-07-13,71.27,72.03,71.08,71.46,12000,67.60
2011-07-12,71.09,71.61,71.09,71.13,4500,67.29
2011-07-11,71.79,71.93,70.98,71.28,5200,67.43
2011-07-08,72.36,72.67,71.92,72.67,2900,68.75
2011-07-07,73.03,73.53,73.03,73.17,6100,69.22
2011-07-06,71.78,72.25,71.78,72.17,4000,68.27
2011-07-05,71.79,72.04,71.56,72.02,5800,68.13
2011-07-01,70.78,71.73,70.75,71.71,6400,67.84
2011-06-30,70.39,70.64,70.39,70.53,2600,66.72
2011-06-29,69.74,69.89,69.74,69.89,500,66.12
2011-06-28,68.55,69.42,68.55,69.42,3800,65.67
2011-06-27,68.52,68.55,68.29,68.55,1400,64.85
2011-06-24,68.53,68.53,67.83,67.83,2000,64.17
2011-06-23,67.91,68.09,67.91,68.09,300,64.41
2011-06-22,68.42,69.04,68.37,68.37,3200,64.68
2011-06-21,68.01,68.68,68.01,68.67,5000,64.96
2011-06-20,66.78,67.58,66.72,67.32,2300,63.69
2011-06-17,67.30,67.49,66.81,66.81,1800,63.20
2011-06-16,67.00,67.33,66.25,66.74,2800,62.98
2011-06-15,67.26,68.48,66.73,66.73,5000,62.97
2011-06-14,66.88,68.00,66.88,67.74,3300,63.93
2011-06-13,66.37,66.84,66.00,66.52,13400,62.77
2011-06-10,67.23,67.23,66.16,66.59,6200,62.84
2011-06-09,67.32,67.89,67.32,67.74,6400,63.93
2011-06-08,67.48,67.72,67.29,67.29,1300,63.50
2011-06-07,68.10,68.45,67.92,68.07,3200,64.24
2011-06-06,68.35,68.63,67.82,67.93,6700,64.11
2011-06-03,68.88,69.19,68.62,68.78,7900,64.91
2011-06-02,70.06,70.10,69.41,69.77,6600,65.84
2011-06-01,71.76,71.76,70.62,70.62,1200,66.64
2011-05-31,71.55,71.58,71.23,71.58,1500,67.55
2011-05-27,70.79,71.18,70.66,70.66,2900,66.68
2011-05-26,69.55,70.54,69.44,70.54,7300,66.57
2011-05-25,68.54,69.79,68.54,69.72,8800,65.79
2011-05-24,69.34,69.61,68.80,69.16,6800,65.27
2011-05-23,69.40,69.40,68.85,69.21,7100,65.31
2011-05-20,70.79,70.80,70.00,70.69,6200,66.71
2011-05-19,71.19,71.19,70.53,70.93,4100,66.94
2011-05-18,69.78,70.66,69.78,70.52,4300,66.55
2011-05-17,69.56,70.00,69.32,69.96,5900,66.02
2011-05-16,70.48,70.92,70.05,70.05,8200,66.11
2011-05-13,71.98,71.98,70.90,70.95,3400,66.96
2011-05-12,70.97,72.02,70.97,71.92,4200,67.87
2011-05-11,72.09,72.10,71.21,71.36,2600,67.34
2011-05-10,71.39,72.10,71.39,72.01,3300,67.96
2011-05-09,70.67,71.24,70.20,71.24,4600,67.23
2011-05-06,71.01,71.28,70.38,70.43,1700,66.46
2011-05-05,69.82,71.15,69.61,70.31,4200,66.35
2011-05-04,71.03,71.24,70.00,70.57,2200,66.60
2011-05-03,71.93,71.93,71.00,71.16,5700,67.15
2011-05-02,72.67,72.78,72.16,72.20,5100,68.14
2011-04-29,72.69,72.90,72.47,72.74,4700,68.64
2011-04-28,72.25,72.58,72.17,72.58,1600,68.49
2011-04-27,71.80,72.02,71.80,71.89,5200,67.84
2011-04-26,71.01,72.00,71.01,71.80,7200,67.76
2011-04-25,70.95,70.95,70.61,70.75,2500,66.77
2011-04-21,70.61,70.86,70.56,70.77,2500,66.79
2011-04-20,70.23,70.48,70.02,70.48,3000,66.51
2011-04-19,69.39,69.56,68.81,68.98,2500,65.10
2011-04-18,69.28,69.28,68.59,69.10,3300,65.21
2011-04-15,69.56,70.09,69.32,70.01,5100,66.07
2011-04-14,68.45,69.31,68.45,68.87,2700,64.99
2011-04-13,69.22,69.41,68.68,69.13,2100,65.24
2011-04-12,69.49,69.69,69.15,69.23,9700,65.33
2011-04-11,70.59,70.90,69.83,70.15,13000,66.20
2011-04-08,71.36,71.36,70.16,70.16,13500,66.21
2011-04-07,71.89,72.14,71.50,71.65,2600,67.62
2011-04-06,72.35,72.35,71.66,71.85,5200,67.80
2011-04-05,71.45,72.09,71.45,71.60,24100,67.57
2011-04-04,71.37,71.45,71.37,71.45,2200,67.43
2011-04-01,71.36,71.57,70.99,71.10,15800,67.10
2011-03-31,70.22,70.85,70.11,70.78,19600,66.80
2011-03-30,69.94,70.42,69.84,70.42,7000,66.46
2011-03-29,68.79,69.58,68.34,69.48,1600,65.57
2011-03-28,69.55,69.55,68.93,68.93,2700,65.05
2011-03-25,69.83,69.83,69.58,69.73,8200,65.80
2011-03-24,68.29,68.86,68.29,68.86,4800,64.98
2011-03-23,68.01,68.27,67.27,68.25,3400,64.41
2011-03-22,68.56,68.73,68.03,68.20,3000,64.36
2011-03-21,67.61,68.33,67.61,68.33,4600,64.48
2011-03-18,66.90,66.99,66.72,66.86,4300,63.10
2011-03-17,67.13,67.13,66.28,66.28,4700,62.45
2011-03-16,66.96,66.96,65.99,65.99,3500,62.17
2011-03-15,65.90,66.73,65.55,66.73,7000,62.87
2011-03-14,67.47,67.47,66.96,67.32,4300,63.43
2011-03-11,67.05,67.89,67.05,67.89,3400,63.96
2011-03-10,68.59,68.59,67.56,67.69,5100,63.77
2011-03-09,69.11,69.54,65.86,69.27,9200,65.26
2011-03-08,68.21,69.59,68.17,69.32,6300,65.31
2011-03-07,69.54,69.54,67.64,68.27,9100,64.32
2011-03-04,68.73,69.05,68.62,69.05,4400,65.06
2011-03-03,68.52,69.53,68.52,69.44,2400,65.42
2011-03-02,67.51,68.01,66.70,67.76,4600,63.84
2011-03-01,69.16,69.16,67.41,67.61,13300,63.70
2011-02-28,69.24,69.31,68.47,68.61,7100,64.64
2011-02-25,67.68,68.54,67.68,68.54,7000,64.57
2011-02-24,66.68,67.40,66.51,67.25,10700,63.36
2011-02-23,68.21,68.21,66.74,67.10,9300,63.22
2011-02-22,69.47,69.54,68.27,68.45,4600,64.49
2011-02-18,69.87,70.33,69.70,70.04,4200,65.99
2011-02-17,69.08,70.03,69.08,70.03,20700,65.98
2011-02-16,69.21,69.49,69.07,69.49,6800,65.47
2011-02-15,69.25,69.29,68.76,68.76,5100,64.78
2011-02-14,69.05,69.35,69.05,69.35,4900,65.34
2011-02-11,68.48,69.01,68.48,68.97,57300,64.98
2011-02-10,67.79,68.49,67.79,68.32,3700,64.37
2011-02-09,68.13,68.36,67.72,67.90,3900,63.97
2011-02-08,68.05,68.10,67.76,68.05,3200,64.11
2011-02-07,67.47,68.32,67.47,68.15,4300,64.21
2011-02-04,67.22,67.33,66.86,67.16,7800,63.27
2011-02-03,66.92,67.34,66.20,67.34,8600,63.44
2011-02-02,67.20,67.61,67.00,67.19,11500,63.30
2011-02-01,66.59,67.50,66.00,67.27,15000,63.38
2011-01-31,65.88,66.37,65.44,66.09,7900,62.27
2011-01-28,67.11,67.11,65.50,65.68,5700,61.88
2011-01-27,66.94,67.45,66.78,67.26,3400,63.37
2011-01-26,65.77,67.09,65.76,66.97,8900,63.10
2011-01-25,65.14,65.73,65.14,65.73,5500,61.93
2011-01-24,65.32,65.73,65.09,65.69,2300,61.89
2011-01-21,65.95,65.95,65.06,65.10,7000,61.33
2011-01-20,65.79,65.87,65.35,65.56,4700,61.77
2011-01-19,67.53,67.57,66.01,66.01,9700,62.19
2011-01-18,67.40,67.50,67.09,67.50,5400,63.60
2011-01-14,66.81,67.46,66.81,67.46,4200,63.56
2011-01-13,66.86,67.09,66.75,66.75,4000,62.89
2011-01-12,66.61,67.03,66.61,66.92,3900,63.05
2011-01-11,66.46,66.55,65.97,66.19,4700,62.36
2011-01-10,65.75,66.21,65.17,66.21,19700,62.38
2011-01-07,66.59,66.59,65.12,65.91,8900,62.10
2011-01-06,66.82,66.82,66.18,66.35,13700,62.51
2011-01-05,66.13,66.66,65.91,66.57,20700,62.72
2011-01-04,67.29,67.29,65.60,66.03,15200,62.21
2011-01-03,66.54,67.52,66.54,67.30,6700,63.41
2010-12-31,66.68,66.68,66.00,66.00,14100,62.18
2010-12-30,66.90,67.04,66.75,66.87,20800,63.00
2010-12-29,66.88,66.88,66.63,66.75,10200,62.89
2010-12-28,67.09,67.09,66.48,66.81,3300,62.94
2010-12-27,66.42,66.92,66.31,66.90,3300,63.03
2010-12-23,66.77,66.97,66.55,66.65,25200,62.79
2010-12-22,66.77,66.93,66.63,66.67,20900,62.81
2010-12-21,66.26,66.73,66.26,66.68,9800,62.82
2010-12-20,61.15,71.11,61.15,66.00,4800,62.18
2010-12-17,65.52,65.88,65.27,65.80,25600,61.99
2010-12-16,65.40,65.95,65.14,65.87,23600,61.79
2010-12-15,65.65,66.04,65.30,65.47,66000,61.42
2010-12-14,65.87,65.95,65.56,65.61,5800,61.55
2010-12-13,66.28,66.28,65.67,65.67,30600,61.61
2010-12-10,65.42,65.93,65.26,65.93,14600,61.85
2010-12-09,65.18,65.29,64.98,65.18,14400,61.15
2010-12-08,65.25,65.25,64.79,65.02,6000,61.00
2010-12-07,65.54,65.54,64.92,64.99,7500,60.97
2010-12-06,64.44,64.82,64.32,64.82,10600,60.81
2010-12-03,63.55,64.39,63.55,64.39,9500,60.41
2010-12-02,63.55,63.88,63.55,63.81,2900,59.86
2010-12-01,62.98,63.24,62.89,63.09,7400,59.19
2010-11-30,61.65,62.10,61.40,61.76,19000,57.94
2010-11-29,61.91,62.29,61.36,62.21,29400,58.36
2010-11-26,62.49,62.56,62.33,62.33,5200,58.47
2010-11-24,61.97,62.59,61.97,62.48,4100,58.61
2010-11-23,61.30,61.36,61.07,61.21,8400,57.42
2010-11-22,61.32,61.99,61.13,61.91,17900,58.08
2010-11-19,61.22,61.58,60.92,61.58,15000,57.77
2010-11-18,61.24,61.58,61.17,61.27,28800,57.48
2010-11-17,60.36,60.40,60.22,60.37,4300,56.63
2010-11-16,60.97,60.97,59.85,60.03,5000,56.32
2010-11-15,61.54,61.75,61.23,61.23,6100,57.44
2010-11-12,61.65,62.06,61.10,61.27,17600,57.48
2010-11-11,61.65,62.16,61.52,62.16,4000,58.31
2010-11-10,61.77,62.20,61.46,62.17,3500,58.32
2010-11-09,62.75,62.75,61.66,61.69,4700,57.87
2010-11-08,62.44,62.53,62.14,62.47,12000,58.60
2010-11-05,62.22,62.68,62.22,62.55,11800,58.68
2010-11-04,61.69,62.05,61.61,62.05,25200,58.21
2010-11-03,60.51,60.69,59.98,60.10,11500,56.38
2010-11-02,60.06,60.46,60.06,60.45,1300,56.71
2010-11-01,60.15,60.43,59.62,59.66,2000,55.97
2010-10-29,59.72,59.92,59.71,59.92,2800,56.21
2010-10-28,60.27,60.27,59.45,59.62,5800,55.93
2010-10-27,59.62,59.79,59.26,59.57,3700,55.88
2010-10-26,59.81,60.26,59.66,60.02,3400,56.31
2010-10-25,60.18,60.67,60.18,60.34,8700,56.61
2010-10-22,59.44,59.75,59.40,59.75,9300,56.05
2010-10-21,59.74,60.11,58.76,59.30,5600,55.63
2010-10-20,59.02,59.78,59.02,59.47,18900,55.79
2010-10-19,59.83,59.83,58.54,58.73,2300,55.10
2010-10-18,59.61,59.93,59.48,59.93,12300,56.22
2010-10-15,60.12,60.12,59.32,59.57,7300,55.88
2010-10-14,59.71,59.89,59.49,59.71,6000,56.02
2010-10-13,59.47,60.21,59.36,60.00,6100,56.29
2010-10-12,58.68,59.04,58.40,58.93,1500,55.28
2010-10-11,58.80,59.18,58.80,58.87,16400,55.23
2010-10-08,57.88,58.68,57.85,58.68,2300,55.05
2010-10-07,58.47,58.47,57.75,57.88,2600,54.30
2010-10-06,58.43,58.50,57.95,57.96,4400,54.37
2010-10-05,57.64,58.50,57.36,58.46,2700,54.84
2010-10-04,57.43,57.43,56.81,56.94,1300,53.42
2010-10-01,57.43,57.43,57.34,57.34,1100,53.79
2010-09-30,57.85,58.04,57.15,57.48,4300,53.92
2010-09-29,57.12,57.61,57.12,57.52,5900,53.96
2010-09-28,56.90,57.06,55.97,57.04,31300,53.51
2010-09-27,57.07,57.09,56.64,56.80,6400,53.29
2010-09-24,56.02,56.94,56.02,56.93,5800,53.41
2010-09-23,55.84,56.06,55.48,55.48,800,52.05
2010-09-22,56.68,56.75,55.72,55.79,16500,52.34
2010-09-21,56.75,57.13,56.60,56.64,56700,53.14
2010-09-20,55.67,56.98,55.58,56.98,6300,53.45
2010-09-17,55.72,55.72,55.05,55.62,33000,52.18
2010-09-16,55.66,55.77,55.23,55.54,13200,51.95
2010-09-15,55.11,55.91,55.04,55.81,73400,52.21
2010-09-14,55.54,55.98,55.29,55.81,3700,52.21
2010-09-13,55.02,55.56,55.02,55.54,23200,51.95
2010-09-10,54.35,54.67,54.29,54.55,1800,51.03
2010-09-09,54.95,54.95,54.02,54.25,5800,50.75
2010-09-08,54.22,54.55,54.13,54.23,12000,50.73
2010-09-07,54.61,54.61,53.79,53.83,7400,50.35
2010-09-03,54.87,54.97,54.64,54.64,2200,51.11
2010-09-02,53.15,54.01,53.12,54.01,15500,50.52
2010-09-01,52.14,53.22,52.10,53.21,26600,49.77
2010-08-31,51.29,51.83,51.15,51.22,71500,47.91
2010-08-30,52.43,52.43,51.94,52.06,2100,48.70
2010-08-27,51.22,52.25,50.82,52.23,10200,48.86
2010-08-26,51.71,52.08,51.20,51.20,2200,47.89
2010-08-25,50.51,51.70,50.36,51.70,7200,48.36
2010-08-24,50.83,51.29,50.26,51.23,6300,47.92
2010-08-23,52.59,52.69,51.70,51.70,7500,48.36
2010-08-20,52.03,52.03,51.47,51.82,8300,48.47
2010-08-19,53.42,53.42,52.28,52.28,13800,48.90
2010-08-18,53.37,53.85,53.10,53.65,4000,50.19
2010-08-17,53.10,53.78,53.10,53.58,109300,50.12
2010-08-16,52.10,52.74,52.10,52.47,9800,49.08
2010-08-13,52.46,52.51,52.31,52.41,5200,49.03
2010-08-12,52.22,52.83,51.75,52.45,8000,49.06
2010-08-11,53.89,53.95,53.00,53.03,10900,49.61
2010-08-10,55.41,55.41,54.75,55.21,4200,51.64
2010-08-09,55.79,56.00,55.71,56.00,3300,52.38
2010-08-06,54.90,55.03,54.50,54.78,5100,51.24
2010-08-05,55.91,55.97,55.68,55.83,1600,52.22
2010-08-04,55.87,56.18,55.87,56.18,2000,52.55
2010-08-03,55.76,56.29,55.31,55.82,35500,52.22
2010-08-02,56.01,56.25,55.81,56.25,10500,52.62
2010-07-30,54.25,55.35,54.25,55.35,10000,51.78
2010-07-29,55.64,55.70,54.54,54.54,1600,51.02
2010-07-28,56.19,56.19,55.26,55.26,3000,51.69
2010-07-27,56.94,56.97,55.91,56.18,5100,52.55
2010-07-26,55.38,56.45,55.24,56.43,9500,52.79
2010-07-23,53.76,55.11,53.70,55.09,23000,51.53
2010-07-22,52.99,54.20,52.99,53.78,28300,50.31
2010-07-21,53.25,53.37,52.58,52.58,2000,49.18
2010-07-20,51.41,53.15,51.41,53.15,3200,49.72
2010-07-19,52.22,52.33,51.56,52.13,9600,48.76
2010-07-16,53.63,53.63,51.94,52.05,46100,48.69
2010-07-15,54.27,54.27,53.42,54.11,6900,50.62
2010-07-14,54.48,54.48,54.11,54.37,800,50.86
2010-07-13,53.70,54.63,53.69,54.55,60700,51.03
2010-07-12,53.31,53.31,52.63,52.94,1500,49.52
2010-07-09,52.96,53.23,52.86,53.21,3500,49.77
2010-07-08,52.24,52.41,52.00,52.00,1100,48.64
2010-07-07,50.22,51.86,50.22,51.86,2700,48.51
2010-07-06,51.65,51.65,49.83,49.83,11100,46.61
2010-07-02,51.54,51.54,50.53,50.81,10400,47.53
2010-07-01,51.61,51.61,50.00,51.31,13500,48.00
2010-06-30,52.11,52.63,51.45,51.63,4600,48.30
2010-06-29,53.53,53.53,52.07,52.13,58100,48.76
2010-06-28,54.57,54.73,53.95,54.52,21000,51.00
2010-06-25,53.57,54.62,53.57,54.29,7800,50.78
2010-06-24,54.21,54.45,53.55,53.58,39100,50.12
2010-06-23,54.47,54.74,54.08,54.70,3200,51.17
2010-06-22,56.16,56.18,54.75,54.75,22200,51.21
2010-06-21,57.19,57.29,55.73,55.85,11300,52.24
2010-06-18,56.43,56.62,56.21,56.46,28200,52.81
2010-06-17,56.81,56.81,56.20,56.39,12500,52.60
2010-06-16,56.40,57.06,56.21,56.66,159800,52.85
2010-06-15,55.90,56.78,55.77,56.78,3200,52.96
2010-06-14,55.69,56.34,55.62,56.04,5100,52.27
2010-06-11,53.76,54.82,53.76,54.82,26900,51.13
2010-06-10,53.48,54.31,53.42,54.31,4900,50.66
2010-06-09,53.10,53.66,52.38,52.38,6000,48.86
2010-06-08,52.58,52.58,51.54,52.41,23800,48.88
2010-06-07,54.02,54.11,52.77,52.80,35700,49.25
2010-06-04,54.94,55.46,53.60,53.69,15500,50.08
2010-06-03,55.97,56.55,55.76,56.50,24400,52.70
2010-06-02,54.36,55.20,54.36,55.06,7100,51.36
2010-06-01,55.47,56.01,54.32,54.32,5200,50.67
2010-05-28,56.51,56.68,55.71,56.09,11900,52.32
2010-05-27,55.80,56.70,55.79,56.70,4200,52.89
2010-05-26,54.99,55.48,54.17,54.33,15300,50.68
2010-05-25,52.88,54.07,52.11,54.04,16300,50.41
2010-05-24,54.82,55.14,54.34,54.34,21200,50.69
2010-05-21,53.14,55.19,52.95,54.91,31700,51.22
2010-05-20,55.38,55.55,54.00,54.00,23100,50.37
2010-05-19,57.34,57.82,56.02,56.64,34400,52.83
2010-05-18,59.35,59.35,57.41,57.63,9600,53.75
2010-05-17,58.89,59.12,57.48,58.67,34800,54.72
2010-05-14,59.50,59.50,58.04,58.46,17000,54.53
2010-05-13,60.32,60.84,59.84,59.84,15000,55.82
2010-05-12,59.23,60.44,59.10,60.44,15500,56.37
2010-05-11,57.85,59.37,57.85,58.82,11900,54.86
2010-05-10,58.43,58.48,57.52,58.20,12500,54.29
2010-05-07,56.70,56.80,55.00,55.34,27000,51.62
2010-05-06,58.82,59.38,55.00,57.15,41300,53.31
2010-05-05,59.42,60.03,58.80,59.16,24300,55.18
2010-05-04,61.07,61.07,59.85,59.88,35900,55.85
2010-05-03,60.98,61.95,60.98,61.95,59200,57.78
2010-04-30,62.40,62.43,60.67,60.67,83800,56.59
2010-04-29,61.52,62.37,61.52,62.37,3800,58.17
2010-04-28,61.12,61.35,61.00,61.00,3500,56.90
2010-04-27,62.24,62.68,61.01,61.01,6900,56.91
2010-04-26,62.87,63.09,62.57,62.57,9100,58.36
2010-04-23,62.30,62.74,62.12,62.66,3500,58.45
2010-04-22,60.86,62.23,60.68,62.18,6200,58.00
2010-04-21,61.10,61.32,61.00,61.32,3300,57.20
2010-04-20,60.50,61.01,60.50,61.01,8300,56.91
2010-04-19,60.08,60.63,59.49,60.15,7400,56.10
2010-04-16,61.15,61.25,59.95,60.48,8600,56.41
2010-04-15,61.17,61.41,61.11,61.29,10100,57.17
2010-04-14,60.28,61.16,60.28,61.16,6800,57.05
2010-04-13,59.56,59.90,59.41,59.90,8900,55.87
2010-04-12,59.67,59.84,59.53,59.76,6700,55.74
2010-04-09,59.21,59.51,59.00,59.51,10000,55.51
2010-04-08,58.87,59.13,58.55,59.10,3700,55.12
2010-04-07,59.35,59.44,58.88,59.10,4200,55.12
2010-04-06,58.71,59.23,58.71,59.23,15900,55.25
2010-04-05,58.09,58.80,58.05,58.74,2300,54.79
2010-04-01,57.68,57.97,57.52,57.84,2400,53.95
2010-03-31,57.49,58.02,57.49,57.59,7700,53.72
2010-03-30,57.84,58.01,57.40,57.69,3800,53.81
2010-03-29,57.59,57.70,57.37,57.58,17600,53.71
2010-03-26,57.60,57.83,57.12,57.34,3600,53.48
2010-03-25,58.37,58.48,57.57,57.57,2600,53.70
2010-03-24,58.09,58.16,57.76,57.76,5800,53.88
2010-03-23,57.86,58.31,57.51,58.30,6600,54.38
2010-03-22,56.42,57.65,56.42,57.65,5700,53.77
2010-03-19,57.59,57.59,56.76,56.84,4500,53.02
2010-03-18,57.89,58.03,57.62,57.79,1700,53.90
2010-03-17,57.85,58.22,57.85,58.00,4300,54.10
2010-03-16,57.01,57.31,57.01,57.25,1200,53.40
2010-03-15,56.73,56.82,56.55,56.82,69300,53.00
2010-03-12,57.44,57.44,56.84,57.12,3000,53.28
2010-03-11,56.65,56.83,56.65,56.82,1200,53.00
2010-03-10,56.56,57.02,56.56,56.87,3900,53.04
2010-03-09,56.25,56.76,56.25,56.73,2600,52.91
2010-03-08,56.21,56.32,56.12,56.30,2700,52.51
2010-03-05,55.40,56.16,55.40,56.12,1000,52.35
2010-03-04,54.92,54.95,54.92,54.95,500,51.25
2010-03-03,54.77,55.06,54.66,54.89,6600,51.20
2010-03-02,54.50,54.86,54.50,54.69,5200,51.01
2010-03-01,54.25,54.25,54.16,54.20,3800,50.55
2010-02-26,52.86,53.30,52.86,53.30,1400,49.72
2010-02-25,52.53,53.33,52.53,53.33,1100,49.74
2010-02-24,53.19,53.32,53.12,53.31,4000,49.72
2010-02-23,53.32,53.32,52.67,52.68,6000,49.14
2010-02-22,53.45,53.58,53.45,53.57,1000,49.97
2010-02-19,53.11,53.56,53.11,53.52,2000,49.92
2010-02-18,53.00,53.30,52.77,53.30,1700,49.72
2010-02-17,52.79,52.92,52.58,52.84,3800,49.29
2010-02-16,52.12,52.52,51.83,52.52,9500,48.99
2010-02-12,50.59,51.41,50.59,51.41,1600,47.95
2010-02-11,50.06,51.15,50.06,51.15,5700,47.71
2010-02-10,49.97,50.61,49.93,50.44,6100,47.05
2010-02-09,50.23,50.45,50.15,50.38,1700,46.99
2010-02-08,50.02,50.10,49.62,49.89,2500,46.53
2010-02-05,49.61,49.94,48.96,49.80,8700,46.45
2010-02-04,50.95,50.95,49.99,50.00,9200,46.64
2010-02-03,51.54,51.80,51.54,51.72,9300,48.24
2010-02-02,51.54,52.18,51.50,52.18,2900,48.67
2010-02-01,50.96,51.47,50.94,51.42,23600,47.96
2010-01-29,51.62,51.97,50.85,50.88,3900,47.46
2010-01-28,52.25,52.25,51.06,51.62,3800,48.15
2010-01-27,51.50,52.20,51.24,52.20,5600,48.69
2010-01-26,51.81,52.38,51.81,51.89,1900,48.40
2010-01-25,52.39,52.39,51.94,52.14,1300,48.63
2010-01-22,52.85,53.13,51.94,51.94,14900,48.45
2010-01-21,53.00,53.24,53.00,53.10,4400,49.53
2010-01-20,53.91,54.05,53.57,54.05,2600,50.41
2010-01-19,53.84,54.45,53.83,54.45,4600,50.79
2010-01-15,54.36,54.36,53.56,53.79,1800,50.17
2010-01-14,54.23,54.52,54.23,54.52,1500,50.85
2010-01-13,53.87,54.30,53.45,54.30,3900,50.65
2010-01-12,53.98,54.00,53.42,53.59,6200,49.99
2010-01-11,54.59,54.79,54.18,54.34,7500,50.69
2010-01-08,53.88,54.40,53.88,54.40,9500,50.74
2010-01-07,53.78,54.21,53.35,54.21,5300,50.56
2010-01-06,53.66,53.92,53.61,53.78,9200,50.16
2010-01-05,53.63,53.78,53.33,53.71,18900,50.10
2010-01-04,53.20,53.53,53.20,53.34,26000,49.75
2009-12-31,53.09,53.09,52.54,52.54,1200,49.01
2009-12-30,53.28,53.28,52.67,52.96,3800,49.40
2009-12-29,53.34,53.38,53.08,53.08,2800,49.51
2009-12-28,53.49,53.49,53.05,53.05,1900,49.48
2009-12-24,53.43,53.43,53.14,53.25,600,49.67
2009-12-23,52.92,53.11,52.59,53.11,4800,49.54
2009-12-22,52.15,52.58,52.15,52.47,6500,48.94
2009-12-21,51.57,52.15,51.57,52.15,3200,48.64
2009-12-18,51.26,51.34,50.61,51.24,3400,47.79
2009-12-17,51.14,51.23,50.93,50.93,4100,47.39
2009-12-16,51.55,51.99,51.35,51.35,5300,47.78
2009-12-15,51.22,51.61,51.09,51.27,2900,47.71
2009-12-14,50.90,51.28,50.54,51.28,7700,47.72
2009-12-11,50.43,50.48,50.10,50.43,9600,46.93
2009-12-10,50.26,50.38,50.06,50.20,4800,46.71
2009-12-09,50.03,50.18,49.87,50.16,2800,46.68
2009-12-08,50.09,50.45,49.86,50.12,9300,46.64
2009-12-07,50.76,50.81,50.40,50.59,6700,47.08
2009-12-04,50.61,50.87,50.29,50.29,4400,46.80
2009-12-03,50.25,50.51,49.49,49.49,6500,46.05
2009-12-02,50.36,50.36,49.87,49.99,2300,46.52
2009-12-01,49.03,49.65,49.03,49.49,3900,46.05
2009-11-30,48.15,48.75,47.90,48.75,6100,45.36
2009-11-27,48.53,48.53,48.47,48.47,400,45.10
2009-11-25,49.83,49.87,49.68,49.68,11000,46.23
2009-11-24,49.81,49.81,49.08,49.52,3700,46.08
2009-11-23,49.69,50.24,49.69,49.76,3300,46.30
2009-11-20,48.97,49.12,48.76,49.12,3000,45.71
2009-11-19,50.05,50.05,49.03,49.32,7200,45.89
2009-11-18,50.24,50.47,50.24,50.47,2800,46.96
2009-11-17,50.40,50.66,50.37,50.61,3300,47.09
2009-11-16,49.79,50.79,49.79,50.52,3300,47.01
2009-11-13,48.86,49.56,48.86,49.12,600,45.71
2009-11-12,48.94,48.94,48.91,48.91,1300,45.51
2009-11-11,49.89,49.94,49.60,49.78,4700,46.32
2009-11-10,49.56,49.76,49.15,49.40,9800,45.97
2009-11-09,49.04,49.61,48.96,49.61,3100,46.16
2009-11-06,48.80,48.80,48.36,48.54,8400,45.17
2009-11-05,47.71,48.58,47.63,48.58,11600,45.20
2009-11-04,47.94,48.26,45.36,47.47,9400,44.17
2009-11-03,46.55,47.75,46.55,47.75,2100,44.43
2009-11-02,47.30,47.44,46.29,46.93,22100,43.67
2009-10-30,48.22,48.22,46.79,47.07,19900,43.80
2009-10-29,47.67,48.53,47.67,48.38,11800,45.02
2009-10-28,48.97,48.97,47.15,47.21,19200,43.93
2009-10-27,49.83,50.03,49.09,49.09,6600,45.68
2009-10-26,50.40,51.13,49.54,49.67,4700,46.22
2009-10-23,50.95,51.04,50.25,50.37,4100,46.87
2009-10-22,50.52,51.33,50.13,51.33,3700,47.76
2009-10-21,51.58,51.99,50.61,50.61,3300,47.09
2009-10-20,51.98,51.98,51.05,51.27,4300,47.71
2009-10-19,51.53,52.13,51.53,51.86,5700,48.26
2009-10-16,51.73,51.73,51.18,51.57,4600,47.99
2009-10-15,51.81,52.15,51.73,52.15,2100,48.53
2009-10-14,51.78,52.13,51.51,52.10,2500,48.48
2009-10-13,51.05,51.16,50.74,51.05,5000,47.50
2009-10-12,51.61,51.61,51.08,51.22,8100,47.66
2009-10-09,50.75,51.21,50.72,51.21,7300,47.65
2009-10-08,50.56,51.01,50.42,50.72,3900,47.20
2009-10-07,50.04,50.11,49.94,50.11,1800,46.63
2009-10-06,49.66,50.27,49.52,50.07,8600,46.59
2009-10-05,48.44,49.24,48.43,49.24,4300,45.82
2009-10-02,48.03,48.58,47.96,48.09,8600,44.75
2009-10-01,50.07,50.07,48.62,48.62,9300,45.24
2009-09-30,50.77,50.77,49.88,50.30,12900,46.81
2009-09-29,50.91,51.15,50.83,50.84,8900,47.31
2009-09-28,49.85,50.98,49.85,50.75,12100,47.22
2009-09-25,49.85,49.85,49.54,49.63,5500,46.18
2009-09-24,50.99,51.25,49.75,49.92,11200,46.45
2009-09-23,51.68,51.68,50.97,50.97,7800,47.43
2009-09-22,51.57,51.72,51.43,51.62,4500,48.03
2009-09-21,50.87,51.20,50.73,51.18,11700,47.62
2009-09-18,51.65,51.65,51.04,51.32,6900,47.75
2009-09-17,51.64,51.67,51.28,51.43,8200,47.70
2009-09-16,50.79,51.67,50.70,51.67,7900,47.93
2009-09-15,49.88,50.64,49.81,50.54,5000,46.88
2009-09-14,49.17,50.00,49.17,49.99,7000,46.37
2009-09-11,49.65,49.70,49.33,49.44,1900,45.86
2009-09-10,48.79,49.50,48.41,49.50,6200,45.91
2009-09-09,47.89,48.90,47.80,48.72,10200,45.19
2009-09-08,47.91,47.92,47.63,47.91,2800,44.44
2009-09-04,46.56,47.34,46.55,47.34,3200,43.91
2009-09-03,46.10,46.67,45.90,46.67,4400,43.29
2009-09-02,46.14,46.30,45.79,45.89,42800,42.56
2009-09-01,47.54,47.54,46.30,46.30,1900,42.95
2009-08-31,47.60,47.63,47.33,47.63,3600,44.18
2009-08-28,48.23,48.27,47.98,48.20,2500,44.71
2009-08-27,47.95,48.32,47.27,48.28,13000,44.78
2009-08-26,48.45,48.45,47.92,48.02,2500,44.54
2009-08-25,48.27,48.47,48.16,48.28,4500,44.78
2009-08-24,48.21,48.53,47.81,47.91,4600,44.44
2009-08-21,47.23,48.02,47.23,47.98,7500,44.50
2009-08-20,46.07,46.76,46.04,46.76,3700,43.37
2009-08-19,45.36,46.29,45.21,46.22,10200,42.87
2009-08-18,45.53,46.03,45.34,45.90,5000,42.57
2009-08-17,45.76,45.76,45.10,45.27,5900,41.99
2009-08-14,47.44,47.44,46.26,46.70,6500,43.32
2009-08-13,47.25,47.51,46.81,47.51,3100,44.07
2009-08-12,46.27,47.49,46.27,47.14,7600,43.72
2009-08-11,46.82,46.82,46.16,46.30,8100,42.95
2009-08-10,47.08,47.33,46.86,47.09,6500,43.68
2009-08-07,46.70,47.63,46.47,47.18,3300,43.76
2009-08-06,46.97,47.06,45.95,46.07,8900,42.73
2009-08-05,46.50,46.66,46.26,46.66,1200,43.28
2009-08-04,46.49,46.92,46.47,46.77,2900,43.38
2009-08-03,45.45,46.22,45.45,46.22,9300,42.87
2009-07-31,45.37,45.71,45.32,45.38,8900,42.09
2009-07-30,45.07,45.68,45.07,45.20,3400,41.92
2009-07-29,44.67,44.67,44.34,44.58,3400,41.35
2009-07-28,44.97,45.00,44.31,44.89,5700,41.64
2009-07-27,44.61,44.87,44.35,44.87,10700,41.62
2009-07-24,44.06,44.64,43.84,44.64,20600,41.41
2009-07-23,43.13,44.46,43.13,44.29,12300,41.08
2009-07-22,42.46,43.17,42.43,42.96,7200,39.85
2009-07-21,43.13,43.13,42.28,42.67,2300,39.58
2009-07-20,42.54,42.85,42.54,42.85,2000,39.74
2009-07-17,42.29,42.30,42.20,42.23,1500,39.17
2009-07-16,41.66,42.34,41.66,42.34,1900,39.27
2009-07-15,41.20,41.88,41.19,41.88,9400,38.85
2009-07-14,39.83,40.24,39.83,40.09,2600,37.18
2009-07-13,39.08,39.71,39.08,39.71,1100,36.83
2009-07-10,38.97,38.97,38.65,38.90,900,36.08
2009-07-09,39.06,39.13,39.06,39.06,800,36.23
2009-07-08,38.63,38.63,38.20,38.45,3300,35.66
2009-07-07,39.75,39.75,39.12,39.12,3200,36.29
2009-07-06,40.01,40.13,39.37,40.04,3000,37.14
2009-07-02,41.23,41.23,40.46,40.46,1700,37.53
2009-07-01,41.69,42.13,41.69,41.89,4700,38.85
2009-06-30,41.29,41.37,41.02,41.37,3300,38.37
2009-06-29,41.39,41.55,41.14,41.42,2000,38.42
2009-06-26,40.74,41.31,40.74,41.31,3300,38.32
2009-06-25,39.47,40.87,39.47,40.87,3700,37.91
2009-06-24,39.61,40.19,39.61,39.78,8900,36.90
2009-06-23,39.61,39.75,39.18,39.40,4100,36.54
2009-06-22,40.17,40.17,39.48,39.48,3000,36.62
2009-06-19,41.44,41.45,40.98,41.16,3900,38.18
2009-06-18,40.75,41.17,40.75,41.09,5200,37.96
2009-06-17,40.56,41.20,40.56,40.80,1900,37.69
2009-06-16,42.00,42.03,40.87,40.87,6700,37.75
2009-06-15,42.28,42.28,41.36,41.59,2800,38.42
2009-06-12,42.60,42.88,42.34,42.88,3400,39.61
2009-06-11,43.20,43.37,42.89,42.89,6800,39.62
2009-06-10,43.41,43.41,42.14,42.80,2700,39.54
2009-06-09,42.83,43.21,42.65,43.00,5100,39.72
2009-06-08,42.85,42.85,42.20,42.29,2300,39.07
2009-06-05,43.59,43.63,42.91,43.08,2800,39.79
2009-06-04,42.40,43.10,42.23,43.08,3900,39.79
2009-06-03,42.71,42.71,41.96,42.27,2300,39.05
2009-06-02,42.45,43.08,42.45,43.04,1900,39.76
2009-06-01,42.51,42.81,42.32,42.50,25800,39.26
2009-05-29,40.35,40.65,40.30,40.58,3000,37.49
2009-05-28,40.29,40.29,39.28,40.20,3900,37.13
2009-05-27,40.52,40.76,39.99,40.06,5700,37.01
2009-05-26,40.14,40.72,40.13,40.72,2300,37.61
2009-05-22,39.57,39.57,39.05,39.07,5100,36.09
2009-05-21,39.05,39.32,38.85,39.21,4400,36.22
2009-05-20,40.64,41.38,39.89,39.93,9600,36.89
2009-05-19,40.09,40.76,40.05,40.64,10100,37.54
2009-05-18,39.17,39.83,39.16,39.82,3700,36.78
2009-05-15,38.88,39.28,38.56,38.66,4900,35.71
2009-05-14,38.16,39.53,37.97,39.02,8700,36.04
2009-05-13,39.59,39.59,38.17,38.17,6800,35.26
2009-05-12,41.33,41.33,39.66,40.30,8800,37.23
2009-05-11,40.91,41.35,40.79,41.00,3100,37.87
2009-05-08,41.06,41.92,40.70,41.92,4700,38.72
2009-05-07,42.13,42.13,40.07,40.27,1700,37.20
2009-05-06,41.31,41.36,40.50,41.26,800,38.11
2009-05-05,40.99,40.99,40.47,40.89,2400,37.77
2009-05-04,39.82,41.15,39.82,41.15,3600,38.01
2009-05-01,39.29,39.62,39.29,39.62,700,36.60
2009-04-30,40.06,40.22,39.13,39.13,10600,36.15
2009-04-29,38.39,39.44,38.39,39.44,5700,36.43
2009-04-28,37.39,38.27,37.39,37.94,3500,35.05
2009-04-27,38.12,38.12,36.83,37.73,5500,34.85
2009-04-24,37.81,38.64,37.81,38.64,1500,35.69
2009-04-23,37.63,37.67,36.78,37.43,21500,34.58
2009-04-22,36.80,38.28,36.59,37.76,8400,34.88
2009-04-21,35.56,37.15,35.56,36.86,2800,34.05
2009-04-20,36.56,36.56,35.83,35.83,11500,33.10
2009-04-17,37.86,38.54,37.40,38.24,15300,35.32
2009-04-16,37.32,37.87,37.32,37.85,1000,34.96
2009-04-15,35.70,36.51,35.70,36.51,7500,33.73
2009-04-14,36.51,36.98,35.92,35.92,9200,33.18
2009-04-13,36.34,37.22,36.34,37.09,3900,34.26
2009-04-09,35.34,36.79,35.34,36.79,8000,33.98
2009-04-08,34.40,34.61,33.92,34.61,11500,31.97
2009-04-07,34.58,34.75,34.05,34.12,7400,31.52
2009-04-06,35.25,35.25,34.68,35.16,6900,32.48
2009-04-03,35.04,35.61,34.72,35.59,3800,32.88
2009-04-02,34.40,35.43,34.40,35.14,13200,32.46
2009-04-01,32.04,33.26,32.03,33.26,1600,30.72
2009-03-31,32.79,32.82,32.54,32.82,1900,30.32
2009-03-30,32.44,32.44,32.06,32.22,2400,29.76
2009-03-27,34.13,34.26,33.80,33.82,5800,31.24
2009-03-26,33.55,34.48,33.55,34.37,10300,31.75
2009-03-25,33.81,33.81,32.00,32.00,2900,29.56
2009-03-24,35.22,35.49,32.82,32.82,6400,30.32
2009-03-23,32.61,33.74,31.81,33.74,5500,31.17
2009-03-20,32.39,32.39,31.02,31.29,5400,28.90
2009-03-19,32.85,32.85,32.26,32.32,9800,29.68
2009-03-18,31.39,32.51,31.16,32.03,24500,29.41
2009-03-17,30.27,31.12,30.27,31.12,1400,28.58
2009-03-16,30.81,31.27,30.66,30.66,6000,28.15
2009-03-13,30.48,30.69,30.41,30.69,7400,28.18
2009-03-12,28.74,30.26,28.44,30.26,3900,27.79
2009-03-11,29.27,29.27,28.59,28.88,12100,26.52
2009-03-10,28.12,28.50,28.12,28.50,7700,26.17
2009-03-09,27.01,27.68,26.94,27.00,5300,24.79
2009-03-06,27.59,27.59,26.66,26.66,4200,24.48
2009-03-05,27.87,27.87,27.43,27.46,6300,25.22
2009-03-04,28.49,28.86,28.45,28.86,2300,26.50
2009-03-03,28.73,28.73,28.02,28.44,8300,26.12
2009-03-02,29.55,29.63,28.50,28.67,6800,26.33
2009-02-27,30.11,30.73,30.04,30.40,5000,27.92
2009-02-26,31.38,31.61,30.54,30.65,2700,28.14
2009-02-25,31.15,31.40,30.74,31.11,12000,28.57
2009-02-24,30.63,31.74,30.50,31.71,4700,29.12
2009-02-23,31.77,31.77,30.45,30.45,5000,27.96
2009-02-20,31.63,31.63,30.90,31.04,1300,28.50
2009-02-19,32.71,32.71,31.96,32.04,9000,29.42
2009-02-18,32.58,32.58,32.58,32.58,200,29.92
2009-02-17,31.91,33.21,31.91,33.06,500,30.36
2009-02-13,34.92,34.97,34.92,34.97,700,32.11
2009-02-12,34.11,34.72,33.86,34.72,4300,31.88
2009-02-11,34.55,34.62,34.35,34.61,1900,31.78
2009-02-10,35.50,35.50,34.43,34.43,6900,31.62
2009-02-09,36.40,36.40,35.96,35.96,1400,33.02
2009-02-06,35.27,36.16,35.27,36.04,7200,33.09
2009-02-05,34.34,35.05,34.27,34.97,2400,32.11
2009-02-04,35.18,35.18,34.40,34.40,600,31.59
2009-02-03,34.58,34.90,34.32,34.66,5300,31.83
2009-02-02,34.12,34.50,34.12,34.50,2500,31.68
2009-01-30,34.63,34.63,34.21,34.35,3400,31.54
2009-01-29,35.55,35.66,35.07,35.07,1300,32.20
2009-01-28,35.50,36.36,35.50,36.34,4500,33.37
2009-01-27,35.16,35.16,35.16,35.16,200,32.29
2009-01-26,35.22,35.22,34.21,34.65,1300,31.82
2009-01-23,33.22,34.16,33.22,34.16,2700,31.37
2009-01-22,34.16,34.30,33.54,34.22,2300,31.42
2009-01-21,33.65,33.98,33.44,33.98,4600,31.20
2009-01-20,35.36,35.36,33.38,33.38,44100,30.65
2009-01-16,35.70,35.92,34.72,35.69,7500,32.77
2009-01-15,33.88,35.61,33.88,35.37,4400,32.48
2009-01-14,35.82,35.82,34.77,34.90,5600,32.05
2009-01-13,36.20,36.38,35.92,36.30,13400,33.33
2009-01-12,35.11,36.49,35.11,35.75,6400,32.83
2009-01-09,37.35,37.35,36.91,36.91,7100,33.89
2009-01-08,37.65,38.25,37.65,38.25,3200,35.12
2009-01-07,38.51,38.51,37.74,38.07,1800,34.96
2009-01-06,39.05,39.12,38.82,39.10,21800,35.90
2009-01-05,38.54,38.54,37.68,38.44,4800,35.30
2009-01-02,37.73,38.56,37.67,38.44,6100,35.30
2008-12-31,36.43,37.84,36.43,37.76,29400,34.67
2008-12-30,35.51,35.86,35.50,35.86,5700,32.93
2008-12-29,35.73,35.73,34.94,35.12,13800,32.25
2008-12-26,35.85,35.90,35.49,35.77,8000,32.85
2008-12-24,35.87,35.87,35.05,35.48,26000,32.58
2008-12-23,35.79,35.91,35.13,35.40,13700,32.51
2008-12-22,36.79,36.79,34.90,35.08,5100,32.21
2008-12-19,36.63,37.33,36.28,36.46,44300,33.48
2008-12-18,36.91,37.49,36.19,36.22,24000,33.26
2008-12-17,36.48,37.28,36.40,37.28,15800,34.23
2008-12-16,36.37,36.37,35.09,36.37,18000,33.40
2008-12-15,34.48,35.10,34.01,34.59,6300,31.76
2008-12-12,34.95,35.68,34.64,35.68,7700,32.76
2008-12-11,35.88,36.26,34.53,34.53,7700,31.71
2008-12-10,35.63,36.46,35.58,36.13,25400,33.18
2008-12-09,36.10,37.03,35.29,35.31,15600,32.42
2008-12-08,35.89,37.73,35.74,36.24,33000,33.28
2008-12-05,33.09,34.49,33.00,34.44,10500,31.62
2008-12-04,34.84,34.84,32.99,33.12,4400,30.41
2008-12-03,33.11,34.37,33.11,34.09,8800,31.30
2008-12-02,32.11,33.32,32.11,33.32,10100,30.60
2008-12-01,34.95,35.00,32.49,32.50,9900,29.84
2008-11-28,35.39,36.09,35.39,36.09,5700,33.14
2008-11-26,33.25,35.56,33.13,35.53,77400,32.63
2008-11-25,33.59,33.63,32.58,33.63,20500,30.88
2008-11-24,30.93,33.26,30.93,32.98,21100,30.28
2008-11-21,29.43,30.52,28.63,30.52,25800,28.03
2008-11-20,31.27,31.73,29.03,29.03,19700,26.66
2008-11-19,34.22,34.22,31.48,31.48,3700,28.91
2008-11-18,34.25,34.25,32.96,33.92,5500,31.15
2008-11-17,34.18,35.31,34.18,34.92,11900,32.07
2008-11-14,36.68,36.68,35.20,35.63,8700,32.72
2008-11-13,34.90,36.72,32.93,36.72,22300,33.72
2008-11-12,35.56,35.86,34.50,34.50,41700,31.68
2008-11-11,36.51,38.53,36.47,36.76,23800,33.76
2008-11-10,39.37,39.46,37.52,37.52,5300,34.45
2008-11-07,38.17,38.46,37.82,38.12,22800,35.00
2008-11-06,38.79,38.79,37.94,37.94,3000,34.84
2008-11-05,41.06,41.07,39.29,39.32,41300,36.11
2008-11-04,42.01,42.01,41.14,41.14,4000,37.78
2008-11-03,40.75,41.31,40.66,40.95,5400,37.60
2008-10-31,39.01,41.10,39.01,40.10,900,36.82
2008-10-30,38.43,39.19,38.37,39.19,1300,35.99
2008-10-29,37.42,38.65,36.99,37.41,3600,34.35
2008-10-28,35.15,37.30,33.86,37.30,9300,34.25
2008-10-27,37.62,37.62,34.38,34.38,47600,31.57
2008-10-24,35.31,36.39,35.31,36.19,7100,33.23
2008-10-23,37.79,38.21,36.85,36.85,3200,33.84
2008-10-22,39.64,39.76,37.60,38.10,9100,34.99
2008-10-21,41.04,41.56,40.76,40.76,3200,37.43
2008-10-20,40.36,41.15,40.32,41.15,8200,37.79
2008-10-17,39.40,41.10,39.40,39.82,11000,36.57
2008-10-16,38.68,39.23,37.38,38.30,4600,35.17
2008-10-15,41.66,41.75,38.48,38.48,4300,35.33
2008-10-14,45.08,45.08,41.39,42.58,13800,39.10
2008-10-13,43.67,43.67,40.87,42.41,10400,38.94
2008-10-10,36.82,40.52,36.34,39.24,8800,36.03
2008-10-09,40.93,41.13,39.59,39.59,11400,36.35
2008-10-08,43.22,43.22,41.43,42.32,32500,38.86
2008-10-07,45.60,45.70,43.28,43.28,2300,39.74
2008-10-06,46.48,46.48,43.97,45.59,11800,41.86
2008-10-03,50.05,50.05,47.67,47.67,12500,43.77
2008-10-02,50.20,50.20,49.22,49.22,2300,45.20
2008-10-01,50.51,51.39,50.51,51.39,8300,47.19
2008-09-30,58.25,58.25,49.49,52.02,6700,47.77
2008-09-29,52.13,57.00,51.29,57.00,2500,52.34
2008-09-26,52.90,54.10,52.90,54.10,1700,49.68
2008-09-25,53.85,54.55,53.85,54.55,3500,50.09
2008-09-24,53.66,53.66,53.66,53.66,100,49.27
2008-09-23,54.33,54.49,54.25,54.49,700,50.04
2008-09-22,57.35,57.35,54.76,54.77,50600,50.29
2008-09-19,61.00,61.00,61.00,61.00,11900,56.01
2008-09-18,53.23,76.00,51.66,76.00,500,69.59
2008-09-17,54.11,54.52,52.29,53.10,13900,48.62
2008-09-16,52.70,54.55,52.70,54.55,11400,49.95
2008-09-15,54.32,54.76,53.47,53.53,5800,49.01
2008-09-12,55.38,55.62,55.38,55.62,500,50.93
2008-09-11,54.80,55.35,54.80,55.35,5600,50.68
2008-09-10,55.18,55.52,55.12,55.52,10200,50.83
2008-09-09,56.60,56.78,54.74,54.74,9500,50.12
2008-09-08,57.67,57.67,56.37,56.65,5300,51.87
2008-09-05,55.56,55.56,54.77,55.35,1500,50.68
2008-09-04,55.83,55.83,55.83,55.83,100,51.12
2008-09-03,57.55,57.55,57.33,57.46,2900,52.61
2008-09-02,58.05,58.05,57.10,57.19,5400,52.36
2008-08-29,57.93,58.11,57.61,57.61,5400,52.75
2008-08-28,57.46,58.22,57.46,58.22,8100,53.31
2008-08-27,56.77,57.39,56.69,57.00,10200,52.19
2008-08-26,56.45,56.64,56.18,56.46,12300,51.70
2008-08-25,56.90,56.96,56.16,56.16,31000,51.42
2008-08-22,56.97,57.33,56.97,57.33,600,52.49
2008-08-21,56.57,56.70,56.57,56.70,400,51.92
2008-08-20,56.82,56.82,56.72,56.72,3000,51.93
2008-08-19,57.43,57.43,56.65,56.74,1500,51.95
2008-08-18,58.54,58.54,57.32,57.43,4900,52.58
2008-08-15,58.60,58.84,58.09,58.28,6500,53.36
2008-08-14,57.85,58.33,57.85,58.17,1200,53.26
2008-08-13,57.27,57.72,57.27,57.72,700,52.85
2008-08-12,57.97,58.00,57.52,57.52,10200,52.67
2008-08-11,57.22,58.46,57.17,58.16,15100,53.25
2008-08-08,56.17,57.05,56.17,57.02,3600,52.21
2008-08-07,56.28,56.56,55.73,55.73,3100,51.03
2008-08-06,55.85,56.41,55.85,56.41,4600,51.65
2008-08-05,55.78,55.81,55.54,55.54,4800,50.85
2008-08-04,55.12,55.19,55.12,55.19,300,50.53
2008-08-01,55.50,56.43,55.45,56.23,6600,51.48
2008-07-31,55.85,56.10,55.85,56.10,600,51.37
2008-07-30,55.30,56.08,55.30,56.08,600,51.35
2008-07-29,55.05,55.69,55.05,55.69,1100,50.99
2008-07-28,55.28,55.28,54.48,54.48,1300,49.88
2008-07-25,54.86,55.56,54.86,55.14,35400,50.49
2008-07-24,55.93,55.93,54.60,54.70,2200,50.08
2008-07-23,56.15,56.15,56.06,56.06,1400,51.33
2008-07-22,55.24,55.53,55.22,55.53,600,50.84
2008-07-21,54.73,54.86,54.57,54.86,7100,50.23
2008-07-18,54.44,54.80,54.26,54.45,15500,49.86
2008-07-17,54.34,54.74,53.92,54.40,23100,49.81
2008-07-16,52.26,54.03,52.26,54.03,26600,49.47
2008-07-15,52.30,52.98,51.26,52.27,17300,47.86
2008-07-14,53.05,53.05,52.84,52.84,5900,48.38
2008-07-11,52.70,53.40,52.44,53.40,9000,48.89
2008-07-10,52.99,53.48,52.70,53.26,12800,48.77
2008-07-09,54.15,54.15,54.15,54.15,900,49.58
2008-07-08,52.94,53.85,52.22,53.85,35600,49.31
2008-07-07,53.53,53.53,52.17,52.71,8100,48.26
2008-07-03,53.69,53.69,52.77,53.67,8200,49.14
2008-07-02,55.26,55.64,53.60,53.78,19100,49.24
2008-07-01,54.79,55.33,54.66,55.33,21100,50.66
2008-06-30,55.92,55.96,55.30,55.30,2200,50.63
2008-06-27,55.95,55.95,55.48,55.71,5900,51.01
2008-06-26,56.68,56.72,55.85,56.06,6900,51.33
2008-06-25,57.07,57.45,57.07,57.45,2900,52.60
2008-06-24,56.87,57.54,56.68,56.87,12800,52.07
2008-06-23,58.22,58.22,57.62,57.62,7000,52.76
2008-06-20,58.52,58.64,57.79,58.12,62300,53.22
2008-06-19,58.88,59.32,58.72,59.32,24700,54.07
2008-06-18,59.19,59.19,58.70,59.04,6900,53.81
2008-06-17,59.46,59.46,59.46,59.46,300,54.19
2008-06-16,58.83,59.67,58.83,59.67,6000,54.39
2008-06-13,58.59,58.83,58.59,58.79,2000,53.58
2008-06-12,58.71,58.72,58.71,58.72,2000,53.52
2008-06-11,58.97,59.02,58.37,58.76,6100,53.56
2008-06-10,59.05,59.23,58.79,59.17,12600,53.93
2008-06-09,59.42,59.75,59.13,59.13,6000,53.89
2008-06-06,60.95,60.95,60.24,60.35,4200,55.01
2008-06-05,60.37,61.50,60.37,61.50,11500,56.05
2008-06-04,59.88,60.60,59.88,60.08,7900,54.76
2008-06-03,60.37,60.37,59.38,59.92,16900,54.61
2008-06-02,60.42,60.42,59.55,60.10,9200,54.78
2008-05-30,60.21,60.55,60.21,60.47,14100,55.12
2008-05-29,59.92,60.59,59.92,60.37,800,55.02
2008-05-28,59.39,59.39,59.39,59.39,000,54.13
2008-05-27,58.73,59.39,58.73,59.39,1800,54.13
2008-05-23,58.67,58.81,58.47,58.77,21700,53.57
2008-05-22,59.40,59.72,59.36,59.53,7800,54.26
2008-05-21,60.47,60.47,59.22,59.22,2800,53.98
2008-05-20,59.92,59.92,59.74,59.89,1100,54.59
2008-05-19,60.50,60.96,60.32,60.36,3600,55.01
2008-05-16,60.12,60.12,59.82,59.82,1600,54.52
2008-05-15,59.94,59.94,59.94,59.94,500,54.63
2008-05-14,60.22,60.31,60.22,60.31,500,54.97
2008-05-13,59.45,59.45,59.28,59.28,1000,54.03
2008-05-12,58.57,59.55,58.57,59.55,300,54.28
2008-05-09,58.17,58.43,58.17,58.35,4000,53.18
2008-05-08,58.24,58.24,58.24,58.24,000,53.08
2008-05-07,58.54,58.61,58.24,58.24,1600,53.08
2008-05-06,58.50,58.60,58.50,58.58,900,53.39
2008-05-05,58.64,58.97,58.64,58.69,6100,53.49
2008-05-02,59.68,59.68,58.88,58.88,400,53.67
2008-05-01,58.78,59.13,58.78,59.09,1200,53.86
2008-04-30,58.40,58.69,58.08,58.08,6400,52.94
2008-04-29,58.58,58.58,58.42,58.47,3500,53.29
2008-04-28,58.59,58.63,58.51,58.63,1500,53.44
2008-04-25,58.02,58.39,57.65,58.39,1800,53.22
2008-04-24,56.76,57.73,56.76,57.58,11400,52.48
2008-04-23,57.27,57.27,56.86,56.86,1500,51.82
2008-04-22,57.60,57.60,56.56,56.84,8600,51.81
2008-04-21,57.68,57.84,57.51,57.80,4100,52.68
2008-04-18,57.69,58.05,57.69,57.90,2200,52.77
2008-04-17,56.94,57.00,56.67,57.00,6600,51.95
2008-04-16,56.50,57.05,56.50,57.05,600,52.00
2008-04-15,55.65,55.65,55.23,55.35,700,50.45
2008-04-14,55.50,55.50,55.22,55.33,500,50.43
2008-04-11,56.29,56.29,55.40,55.40,9700,50.49
2008-04-10,56.37,56.37,56.37,56.37,100,51.38
2008-04-09,56.98,56.98,56.13,56.22,4200,51.24
2008-04-08,57.22,57.48,57.16,57.40,11200,52.32
2008-04-07,57.68,57.98,57.44,57.44,7800,52.35
2008-04-04,57.88,57.88,57.41,57.41,2600,52.33
2008-04-03,57.21,57.23,57.21,57.23,1500,52.16
2008-04-02,56.99,57.61,56.96,57.29,3600,52.22
2008-04-01,56.28,56.94,56.21,56.94,14500,51.90
2008-03-31,54.75,55.25,54.75,55.17,16600,50.28
2008-03-28,55.37,55.37,55.11,55.11,300,50.23
2008-03-27,55.77,56.47,55.51,55.51,4900,50.59
2008-03-26,56.46,56.46,55.94,56.18,28900,51.20
2008-03-25,56.69,56.69,55.97,56.53,34800,51.52
2008-03-24,55.07,56.69,54.90,56.30,68100,51.31
2008-03-20,53.79,54.86,53.79,54.46,18900,49.64
2008-03-19,55.61,55.67,53.79,53.79,6500,48.85
2008-03-18,53.89,55.16,53.87,55.16,29400,50.09
2008-03-17,53.16,53.56,52.69,53.18,23900,48.30
2008-03-14,55.28,55.39,53.69,54.22,127600,49.24
2008-03-13,53.69,55.30,53.31,55.18,74600,50.11
2008-03-12,54.76,55.16,54.45,54.91,14400,49.87
2008-03-11,54.25,54.61,53.37,54.61,77000,49.59
2008-03-10,53.88,53.92,52.74,52.95,58600,48.09
2008-03-07,54.46,54.67,53.57,54.05,54300,49.09
2008-03-06,55.72,55.73,54.43,54.43,29700,49.43
2008-03-05,55.83,56.35,55.46,56.03,64900,50.88
2008-03-04,55.42,55.84,54.94,55.84,27000,50.71
2008-03-03,55.91,56.25,55.29,55.88,41800,50.75
2008-02-29,57.00,57.00,55.91,56.15,16600,50.99
2008-02-28,58.11,58.11,57.71,57.71,31400,52.41
2008-02-27,58.41,58.96,58.27,58.27,8900,52.92
2008-02-26,57.99,58.91,57.86,58.48,75900,53.11
2008-02-25,56.94,58.15,56.57,58.15,111500,52.81
2008-02-22,56.53,56.82,55.85,56.81,46100,51.59
2008-02-21,58.05,58.08,56.66,56.76,64300,51.55
2008-02-20,56.80,57.56,56.67,57.42,44000,52.15
2008-02-19,57.76,57.79,56.96,56.96,31500,51.73
2008-02-15,56.87,57.07,56.49,57.07,44300,51.83
2008-02-14,58.14,58.14,57.09,57.09,35800,51.85
2008-02-13,57.75,58.25,57.48,58.25,12400,52.90
2008-02-12,57.12,57.77,56.93,56.93,38300,51.70
2008-02-11,56.65,56.95,56.05,56.74,57400,51.53
2008-02-08,56.77,57.11,56.56,56.75,22400,51.54
2008-02-07,56.04,56.92,55.72,56.92,32600,51.69
2008-02-06,56.91,57.15,56.06,56.06,26000,50.91
2008-02-05,57.65,57.85,57.03,57.05,11100,51.81
2008-02-04,58.90,58.90,58.35,58.49,18700,53.12
2008-02-01,57.91,59.01,57.90,59.01,33000,53.59
2008-01-31,55.60,57.82,55.57,57.41,49300,52.14
2008-01-30,57.01,57.63,56.46,56.46,59100,51.27
2008-01-29,56.64,56.86,56.13,56.86,11800,51.64
2008-01-28,54.94,56.10,54.71,55.96,11200,50.82
2008-01-25,55.92,55.97,55.17,55.17,3300,50.10
2008-01-24,55.34,57.44,55.13,55.51,26400,50.41
2008-01-23,54.12,55.38,52.75,55.38,4000,50.29
2008-01-22,53.30,57.50,47.26,54.04,20000,49.08
2008-01-18,54.76,55.00,53.48,54.07,50800,49.10
2008-01-17,56.18,56.28,54.49,54.49,6400,49.49
2008-01-16,56.27,56.46,56.17,56.46,4200,51.27
2008-01-15,56.55,56.55,55.95,56.12,6500,50.97
2008-01-14,56.91,57.40,56.87,57.40,3100,52.13
2008-01-11,57.28,57.31,57.07,57.13,1000,51.88
2008-01-10,56.46,58.08,56.46,58.08,37300,52.75
2008-01-09,56.67,57.00,55.64,56.97,9000,51.74
2008-01-08,57.92,58.16,57.25,57.25,700,51.99
2008-01-07,58.37,58.51,57.50,57.88,18600,52.56
2008-01-04,59.16,59.16,58.13,58.18,11500,52.84
2008-01-03,60.54,60.85,59.90,59.92,4000,54.42
2008-01-02,61.28,61.56,60.20,60.44,14500,54.89
2007-12-31,61.38,61.59,61.08,61.51,7200,55.86
2007-12-28,62.15,62.15,61.71,61.76,4400,56.09
2007-12-27,62.74,62.74,61.90,61.90,10300,56.21
2007-12-26,62.99,63.31,62.83,63.15,14900,57.35
2007-12-24,62.78,63.08,62.78,63.02,9700,57.23
2007-12-21,62.34,62.44,62.05,62.44,800,56.71
2007-12-20,61.15,61.62,60.43,61.62,7400,55.78
2007-12-19,60.62,60.76,60.29,60.76,6800,55.00
2007-12-18,60.32,60.76,60.32,60.76,4000,55.00
2007-12-17,60.68,60.73,60.04,60.04,3800,54.35
2007-12-14,61.41,61.66,60.90,60.91,6700,55.13
2007-12-13,61.77,61.97,61.38,61.94,11600,56.07
2007-12-12,63.30,63.30,61.59,62.16,11500,56.27
2007-12-11,64.03,64.03,61.89,61.89,13400,56.02
2007-12-10,63.70,63.95,63.66,63.66,1300,57.62
2007-12-07,63.19,63.48,63.19,63.20,1200,57.21
2007-12-06,62.12,63.28,62.12,63.20,2100,57.21
2007-12-05,61.74,62.02,61.48,61.59,7100,55.75
2007-12-04,60.60,61.14,60.58,60.86,6200,55.09
2007-12-03,62.00,62.00,62.00,62.00,300,56.12
2007-11-30,62.54,62.75,62.01,62.22,500,56.32
2007-11-29,61.85,61.85,61.58,61.77,1100,55.91
2007-11-28,61.49,61.73,61.34,61.62,700,55.78
2007-11-27,59.68,59.93,59.68,59.93,600,54.25
2007-11-26,60.16,60.70,59.23,59.23,6000,53.61
2007-11-23,59.94,60.57,59.94,60.57,700,54.83
2007-11-21,59.78,59.98,59.13,59.59,2400,53.94
2007-11-20,60.87,60.92,59.48,60.46,4700,54.73
2007-11-19,61.14,61.14,60.16,60.65,4400,54.90
2007-11-16,61.55,62.00,61.13,61.64,22300,55.79
2007-11-15,62.65,62.65,61.54,61.91,2600,56.04
2007-11-14,63.59,63.59,62.75,62.75,4200,56.80
2007-11-13,61.56,61.56,61.56,61.56,000,55.72
2007-11-12,62.59,62.59,61.56,61.56,7700,55.72
2007-11-09,62.22,62.36,61.83,62.25,29900,56.35
2007-11-08,62.96,62.96,61.96,62.92,12800,56.95
2007-11-07,63.75,63.86,62.64,62.64,1800,56.70
2007-11-06,63.73,64.48,63.53,64.48,5000,58.37
2007-11-05,62.88,63.99,62.88,63.80,15200,57.75
2007-11-02,64.45,64.46,63.60,64.29,14100,58.19
2007-11-01,65.43,65.43,64.21,64.21,16700,58.12
2007-10-31,65.68,66.53,65.06,66.53,17900,60.22
2007-10-30,65.67,65.67,65.29,65.29,5700,59.10
2007-10-29,66.11,66.11,65.73,65.73,600,59.50
2007-10-26,65.72,65.86,64.93,65.86,4200,59.61
2007-10-25,64.78,65.26,64.27,64.95,11000,58.79
2007-10-24,64.42,65.16,64.19,65.16,13500,58.98
2007-10-23,65.27,65.27,64.97,65.12,600,58.94
2007-10-22,63.56,64.69,63.35,64.69,23000,58.56
2007-10-19,65.75,65.75,64.12,64.12,3800,58.04
2007-10-18,65.75,66.10,65.74,66.10,1000,59.83
2007-10-17,65.53,65.71,65.53,65.71,900,59.48
2007-10-16,66.11,66.11,66.11,66.11,200,59.84
2007-10-15,67.14,67.14,66.61,66.75,700,60.42
2007-10-12,67.07,67.27,67.07,67.18,5600,60.81
2007-10-11,67.93,68.09,67.03,67.03,4200,60.67
2007-10-10,67.34,67.34,67.34,67.34,1000,60.95
2007-10-09,67.13,67.13,67.03,67.03,3100,60.67
2007-10-08,67.47,67.47,66.94,67.03,3000,60.67
2007-10-05,67.09,67.42,67.09,67.42,500,61.03
2007-10-04,66.24,66.27,66.08,66.27,3000,59.99
2007-10-03,66.40,66.49,66.40,66.49,200,60.18
2007-10-02,66.18,66.28,66.09,66.15,5400,59.88
2007-10-01,65.16,65.53,65.16,65.53,1400,59.32
2007-09-28,65.14,65.14,64.70,64.70,4400,58.56
2007-09-27,65.12,65.12,65.01,65.12,6500,58.94
2007-09-26,64.84,64.93,64.73,64.82,8700,58.67
2007-09-25,64.16,64.38,64.16,64.35,1400,58.25
2007-09-24,64.80,65.21,64.54,64.54,10500,58.42
2007-09-21,65.09,65.37,65.09,65.37,7100,59.17
2007-09-20,65.42,65.58,64.91,65.01,10400,58.69
2007-09-19,65.88,66.11,65.53,65.53,7600,59.15
2007-09-18,62.98,64.84,62.98,64.84,14700,58.53
2007-09-17,62.89,62.89,62.81,62.81,500,56.70
2007-09-14,62.75,63.03,62.75,63.03,2400,56.90
2007-09-13,62.84,63.20,62.84,62.95,6100,56.83
2007-09-12,62.92,62.92,62.92,62.92,200,56.80
2007-09-11,62.30,62.73,62.30,62.71,9500,56.61
2007-09-10,62.86,62.86,62.86,62.86,400,56.74
2007-09-07,62.81,62.98,62.47,62.77,1700,56.66
2007-09-06,63.58,63.58,63.58,63.58,000,57.39
2007-09-05,63.58,63.58,63.58,63.58,100,57.39
2007-09-04,63.98,64.54,63.98,64.52,1300,58.24
2007-08-31,63.48,63.82,63.26,63.82,2300,57.61
2007-08-30,63.29,63.29,62.85,62.85,2600,56.74
2007-08-29,61.57,61.57,61.57,61.57,000,55.58
2007-08-28,62.58,62.58,61.57,61.57,1400,55.58
2007-08-27,63.77,63.77,63.44,63.44,500,57.27
2007-08-24,62.98,63.59,62.98,63.59,1700,57.40
2007-08-23,62.99,62.99,62.84,62.87,400,56.75
2007-08-22,63.30,63.55,63.30,63.51,2500,57.33
2007-08-21,62.60,62.67,62.52,62.52,600,56.44
2007-08-20,62.32,62.57,62.18,62.37,11000,56.30
2007-08-17,61.59,62.37,61.59,62.17,12900,56.12
2007-08-16,59.93,60.79,59.39,60.79,4100,54.88
2007-08-15,61.20,61.88,59.97,59.97,6100,54.14
2007-08-14,62.69,62.84,61.62,61.72,2200,55.72
2007-08-13,62.94,62.94,62.62,62.75,2500,56.65
2007-08-10,61.31,62.78,61.19,62.56,14400,56.47
2007-08-09,62.58,63.29,62.25,62.25,9700,56.19
2007-08-08,63.40,64.03,62.92,63.68,35600,57.48
2007-08-07,61.63,62.76,61.63,62.47,3800,56.39
2007-08-06,60.99,61.91,60.54,61.91,55700,55.89
2007-08-03,63.00,63.00,61.20,61.20,3300,55.25
2007-08-02,63.25,63.52,63.06,63.42,1500,57.25
2007-08-01,63.24,63.27,62.23,62.42,15100,56.35
2007-07-31,64.15,64.15,62.83,62.83,3200,56.72
2007-07-30,62.89,63.42,62.73,63.42,2900,57.25
2007-07-27,63.21,63.21,62.38,62.39,4800,56.32
2007-07-26,64.18,64.61,63.32,63.73,15500,57.53
2007-07-25,65.28,65.43,64.83,65.43,2300,59.06
2007-07-24,66.63,66.63,65.48,65.48,13200,59.11
2007-07-23,67.37,67.37,67.37,67.37,400,60.82
2007-07-20,68.08,68.08,67.25,67.25,13200,60.71
2007-07-19,68.33,68.35,68.33,68.35,200,61.70
2007-07-18,67.64,67.76,67.38,67.43,22700,60.87
2007-07-17,68.33,68.33,68.09,68.09,2600,61.47
2007-07-16,68.47,68.47,68.02,68.02,1300,61.40
2007-07-13,68.30,68.45,68.30,68.45,2500,61.79
2007-07-12,67.73,67.77,67.73,67.77,4000,61.18
2007-07-11,67.16,67.28,67.00,67.28,2700,60.73
2007-07-10,67.82,67.82,67.20,67.20,10500,60.66
2007-07-09,68.29,68.29,67.91,68.24,1100,61.60
2007-07-06,67.57,68.01,67.57,68.01,1600,61.39
2007-07-05,67.65,67.74,67.43,67.74,2500,61.15
2007-07-03,67.61,67.61,67.61,67.61,100,61.03
2007-07-02,67.16,67.16,67.16,67.16,000,60.63
2007-06-29,67.14,67.25,67.14,67.16,1700,60.63
2007-06-28,66.95,67.03,66.88,67.03,800,60.51
2007-06-27,66.29,66.29,66.29,66.29,200,59.84
2007-06-26,66.13,66.13,65.62,65.62,3200,59.24
2007-06-25,66.38,66.38,66.12,66.12,1000,59.69
2007-06-22,66.82,66.82,66.62,66.62,200,60.14
2007-06-21,66.71,66.71,66.71,66.71,000,60.22
2007-06-20,67.21,67.21,66.71,66.71,800,60.22
2007-06-19,67.34,67.34,67.31,67.31,400,60.76
2007-06-18,67.55,67.55,67.48,67.48,200,60.92
2007-06-15,67.72,67.72,67.72,67.72,100,61.13
2007-06-14,67.19,67.21,67.18,67.18,1100,60.39
2007-06-13,66.18,66.73,66.14,66.73,2000,59.99
2007-06-12,66.62,66.62,66.62,66.62,000,59.89
2007-06-11,66.38,66.68,66.38,66.62,600,59.89
2007-06-08,65.87,66.25,65.87,66.25,300,59.56
2007-06-07,66.74,66.74,66.10,66.25,400,59.56
2007-06-06,67.49,67.49,67.28,67.28,1000,60.48
2007-06-05,68.21,68.21,68.01,68.01,500,61.14
2007-06-04,68.34,68.34,68.34,68.34,000,61.44
2007-06-01,68.36,68.41,68.34,68.34,400,61.44
2007-05-31,67.77,67.77,67.77,67.77,4400,60.92
2007-05-30,66.85,67.27,66.85,67.27,800,60.47
2007-05-29,66.87,66.98,66.87,66.98,1000,60.21
2007-05-25,66.40,66.53,66.40,66.53,200,59.81
2007-05-24,66.93,66.93,65.90,65.90,1300,59.24
2007-05-23,67.57,67.61,67.57,67.61,900,60.78
2007-05-22,66.99,67.23,66.99,67.23,300,60.44
2007-05-21,66.25,67.01,66.25,67.01,700,60.24
2007-05-18,65.78,66.17,65.78,66.17,800,59.48
2007-05-17,65.53,65.59,65.51,65.59,400,58.96
2007-05-16,65.68,65.71,65.68,65.71,200,59.07
2007-05-15,65.77,66.09,65.77,66.09,700,59.41
2007-05-14,66.31,66.31,66.31,66.31,200,59.61
2007-05-11,65.89,66.20,65.89,66.15,6900,59.47
2007-05-10,66.23,66.23,66.23,66.23,000,59.54
2007-05-09,66.23,66.23,66.23,66.23,000,59.54
2007-05-08,65.94,66.23,65.78,66.23,3500,59.54
2007-05-07,66.15,66.15,66.15,66.15,000,59.47
2007-05-04,66.32,66.32,66.15,66.15,200,59.47
2007-05-03,66.12,66.12,66.12,66.12,200,59.44
2007-05-02,65.90,65.91,65.90,65.91,200,59.25
2007-05-01,64.81,65.03,64.51,65.03,2900,58.46
2007-04-30,65.92,65.92,65.19,65.19,1000,58.60
2007-04-27,65.75,66.02,65.75,65.85,1300,59.20
2007-04-26,65.87,66.00,65.87,65.98,500,59.31
2007-04-25,66.17,66.17,66.17,66.17,100,59.48
2007-04-24,65.47,65.48,65.47,65.48,1100,58.86
2007-04-23,65.75,65.75,65.54,65.61,1600,58.98
2007-04-20,65.52,65.63,65.37,65.46,54000,58.85
2007-04-19,64.97,64.97,64.86,64.96,1300,58.40
2007-04-18,65.26,65.46,65.26,65.46,2900,58.85
2007-04-17,65.55,65.75,65.55,65.62,1200,58.99
2007-04-16,65.46,65.46,65.42,65.46,600,58.85
2007-04-13,64.54,64.75,64.54,64.75,600,58.21
2007-04-12,64.14,64.14,64.14,64.14,300,57.66
2007-04-11,64.06,64.08,63.89,63.89,2700,57.43
2007-04-10,64.42,64.42,64.42,64.42,000,57.91
2007-04-09,64.22,64.42,64.15,64.42,700,57.91
2007-04-05,64.22,64.22,64.19,64.19,200,57.70
2007-04-04,64.01,64.07,63.99,64.07,400,57.60
2007-04-03,64.16,64.16,64.16,64.16,200,57.68
2007-04-02,63.47,63.47,63.47,63.47,600,57.06
2007-03-30,63.34,63.38,63.23,63.23,700,56.84
2007-03-29,63.16,63.16,63.16,63.16,000,56.78
2007-03-28,63.19,63.19,63.16,63.16,400,56.78
2007-03-27,63.39,63.41,63.31,63.31,2800,56.91
2007-03-26,63.81,63.87,63.63,63.63,1900,57.20
2007-03-23,63.85,63.85,63.83,63.83,300,57.38
2007-03-22,63.61,63.61,63.61,63.61,300,57.18
2007-03-21,62.60,63.53,62.60,63.53,3900,57.11
2007-03-20,62.01,62.54,62.01,62.54,1200,56.22
2007-03-19,61.87,62.24,61.87,62.05,800,55.78
2007-03-16,61.49,61.89,61.35,61.39,6900,55.19
2007-03-15,61.60,61.99,61.60,61.87,4400,55.43
2007-03-14,61.20,61.54,60.51,61.42,6500,55.02
2007-03-13,62.21,62.21,61.10,61.10,1600,54.74
2007-03-12,62.29,62.52,62.29,62.52,800,56.01
2007-03-09,61.95,62.29,61.95,62.00,2500,55.54
2007-03-08,62.03,62.28,61.84,61.84,13700,55.40
2007-03-07,61.65,61.83,61.37,61.52,3500,55.11
2007-03-06,61.21,61.76,60.90,61.60,6200,55.19
2007-03-05,60.91,61.40,60.36,60.36,7400,54.07
2007-03-02,62.30,62.42,61.70,61.73,6600,55.30
2007-03-01,61.30,62.93,61.30,62.54,9800,56.03
2007-02-28,62.45,62.96,62.45,62.88,1900,56.33
2007-02-27,63.88,63.88,61.95,62.51,98400,56.00
2007-02-26,65.13,65.13,64.51,64.51,2400,57.79
2007-02-23,64.90,64.93,64.90,64.93,400,58.17
2007-02-22,64.95,65.18,64.95,65.18,400,58.39
2007-02-21,64.90,65.10,64.90,65.10,1800,58.32
2007-02-20,64.15,65.01,64.15,65.00,2700,58.23
2007-02-16,64.10,64.10,64.10,64.10,100,57.43
2007-02-15,64.20,64.40,64.14,64.40,1300,57.69
2007-02-14,63.86,64.17,63.84,64.08,1500,57.41
2007-02-13,63.65,63.65,63.60,63.65,1000,57.02
2007-02-12,63.46,63.48,63.46,63.48,400,56.87
2007-02-09,64.00,64.00,63.34,63.34,2900,56.74
2007-02-08,64.10,64.10,64.10,64.10,000,57.43
2007-02-07,64.04,64.10,63.95,64.10,1300,57.43
2007-02-06,63.64,63.64,63.44,63.44,900,56.83
2007-02-05,63.37,63.37,63.37,63.37,100,56.77
2007-02-02,63.39,63.39,63.39,63.39,200,56.79
2007-02-01,63.23,63.23,63.17,63.17,400,56.59
2007-01-31,62.31,62.87,62.31,62.79,4200,56.25
2007-01-30,62.53,62.53,62.53,62.53,100,56.02
2007-01-29,62.23,62.29,61.89,62.04,2000,55.58
2007-01-26,61.40,61.60,61.37,61.60,1000,55.19
2007-01-25,62.09,62.09,61.48,61.54,2500,55.13
2007-01-24,61.90,62.21,61.90,62.21,1700,55.73
2007-01-23,61.79,61.79,61.54,61.54,400,55.13
2007-01-22,61.37,61.37,60.93,61.17,2600,54.80
2007-01-19,61.04,61.52,61.04,61.52,400,55.11
2007-01-18,61.24,61.40,61.07,61.07,10500,54.71
2007-01-17,61.82,61.82,61.82,61.82,1000,55.38
2007-01-16,62.31,62.31,61.74,61.74,16800,55.31
2007-01-12,61.65,61.97,61.65,61.97,7000,55.52
2007-01-11,61.42,61.55,61.33,61.44,20100,55.04
2007-01-10,60.59,60.59,60.52,60.52,400,54.22
2007-01-09,60.52,60.52,60.22,60.22,16300,53.95
2007-01-08,60.45,60.61,60.45,60.55,7200,54.24
2007-01-05,60.48,60.63,60.48,60.63,6000,54.32
2007-01-04,60.96,61.44,60.77,61.32,3600,54.93
2007-01-03,61.49,61.49,60.67,60.99,25600,54.64
2006-12-29,61.76,61.76,61.21,61.22,7400,54.85
2006-12-28,61.79,61.83,61.61,61.76,17100,55.33
2006-12-27,61.86,61.86,61.86,61.86,100,55.42
2006-12-26,60.75,61.17,60.75,61.17,400,54.80
2006-12-22,61.05,61.05,60.67,60.67,2300,54.35
2006-12-21,61.35,61.35,60.94,60.94,2500,54.59
2006-12-20,61.40,61.40,61.38,61.40,10000,55.01
2006-12-19,60.72,60.72,60.72,60.72,100,54.40
2006-12-18,61.75,61.95,61.00,61.00,99400,54.65
2006-12-15,62.08,62.08,61.40,61.59,196000,55.18
2006-12-14,63.27,63.36,63.23,63.23,1900,56.65
2006-12-13,62.81,62.81,62.65,62.65,700,56.13
2006-12-12,62.74,62.86,62.52,62.67,4100,56.14
2006-12-11,63.20,63.24,63.20,63.20,2000,56.62
2006-12-08,62.91,63.25,62.91,63.14,2400,56.57
2006-12-07,63.32,63.54,63.14,63.14,2200,56.57
2006-12-06,63.20,63.51,63.20,63.49,1200,56.88
2006-12-05,63.35,63.54,63.35,63.36,1700,56.76
2006-12-04,62.40,63.01,62.40,63.01,2800,56.45
2006-12-01,62.33,62.33,61.75,62.28,4700,55.79
2006-11-30,62.38,62.42,62.21,62.42,400,55.92
2006-11-29,62.20,62.31,62.11,62.30,2400,55.81
2006-11-28,61.50,61.50,61.25,61.42,1900,55.02
2006-11-27,62.05,62.05,61.58,61.59,3400,55.18
2006-11-24,62.71,62.71,62.71,62.71,000,56.18
2006-11-22,62.86,62.86,62.69,62.71,1500,56.18
2006-11-21,62.35,62.65,62.35,62.65,1700,56.13
2006-11-20,62.44,62.56,62.40,62.43,4200,55.93
2006-11-17,62.09,62.24,62.05,62.24,2000,55.76
2006-11-16,62.60,62.60,62.36,62.41,6300,55.91
2006-11-15,62.28,62.66,62.28,62.40,2300,55.90
2006-11-14,61.53,61.99,61.53,61.99,1300,55.54
2006-11-13,60.96,61.21,60.96,61.17,2900,54.80
2006-11-10,60.57,60.87,60.57,60.86,2600,54.52
2006-11-09,60.94,60.94,60.56,60.56,500,54.25
2006-11-08,60.80,61.11,60.78,61.05,2800,54.69
2006-11-07,60.90,61.21,60.68,60.78,5000,54.45
2006-11-06,59.69,59.69,59.69,59.69,000,53.47
2006-11-03,59.70,59.70,59.69,59.69,500,53.47
2006-11-02,59.61,59.61,59.61,59.61,100,53.40
2006-11-01,60.45,60.45,59.62,59.62,1400,53.41
2006-10-31,60.92,60.92,60.32,60.45,3600,54.16
2006-10-30,60.71,60.71,60.71,60.71,000,54.39
2006-10-27,61.16,61.16,60.71,60.71,1700,54.39
2006-10-26,60.87,60.95,60.87,60.95,400,54.60
2006-10-25,60.73,60.73,60.25,60.58,8400,54.27
2006-10-24,60.20,60.20,60.05,60.05,500,53.80
2006-10-23,60.19,60.19,60.18,60.18,1100,53.91
2006-10-20,60.11,60.20,60.10,60.10,6700,53.84
2006-10-19,60.26,60.26,60.26,60.26,000,53.99
2006-10-18,60.46,60.46,60.26,60.26,500,53.99
2006-10-17,60.39,60.39,60.13,60.14,1200,53.88
2006-10-16,60.17,60.17,60.17,60.17,000,53.90
2006-10-13,59.80,60.20,59.80,60.17,6900,53.90
2006-10-12,59.56,59.84,59.56,59.84,900,53.61
2006-10-11,58.78,58.78,58.78,58.78,800,52.66
2006-10-10,58.89,58.90,58.89,58.90,1700,52.77
2006-10-09,58.43,59.04,58.38,59.04,1300,52.89
2006-10-06,58.55,58.71,58.42,58.69,5700,52.58
2006-10-05,58.41,58.44,58.41,58.42,4000,52.34
2006-10-04,57.13,58.06,57.13,58.06,5000,52.01
2006-10-03,57.14,57.14,57.14,57.14,500,51.19
2006-10-02,57.20,57.20,57.04,57.13,5100,51.18
2006-09-29,58.01,58.01,57.65,57.65,500,51.65
2006-09-28,58.12,58.12,58.11,58.11,400,52.06
2006-09-27,58.11,58.11,58.00,58.00,300,51.96
2006-09-26,57.48,57.78,57.48,57.78,9100,51.76
2006-09-25,56.96,57.50,56.96,57.50,300,51.51
2006-09-22,57.45,57.45,56.81,56.87,1500,50.95
2006-09-21,58.08,58.08,57.57,57.60,4000,51.60
2006-09-20,58.00,58.21,58.00,58.02,4500,51.98
2006-09-19,57.60,57.60,56.88,57.49,12300,51.50
2006-09-18,57.64,57.64,57.64,57.64,000,51.64
2006-09-15,57.77,57.77,57.63,57.64,4300,51.64
2006-09-14,58.02,58.02,58.02,58.02,300,51.73
2006-09-13,58.10,58.10,58.10,58.10,400,51.80
2006-09-12,57.85,57.85,57.62,57.62,600,51.37
2006-09-11,56.41,56.75,56.41,56.48,10200,50.35
2006-09-08,56.80,56.80,56.64,56.64,900,50.50
2006-09-07,56.40,56.93,56.40,56.65,9700,50.51
2006-09-06,57.77,57.77,56.97,56.97,4000,50.79
2006-09-05,57.78,58.05,57.78,58.05,2500,51.75
2006-09-01,57.62,57.71,57.62,57.70,20800,51.44
2006-08-31,57.61,57.61,57.57,57.57,2100,51.33
2006-08-30,57.10,57.39,57.10,57.38,16500,51.16
2006-08-29,56.44,57.02,56.44,57.02,22800,50.84
2006-08-28,56.50,56.52,56.50,56.52,600,50.39
2006-08-25,55.85,56.27,55.85,56.01,7400,49.93
2006-08-24,55.83,56.08,55.83,56.08,4000,50.00
2006-08-23,56.13,56.13,55.96,55.96,400,49.89
2006-08-22,56.67,56.67,56.55,56.63,3200,50.49
2006-08-21,56.62,56.62,56.47,56.55,15600,50.42
2006-08-18,56.55,56.89,56.55,56.89,14300,50.72
2006-08-17,56.87,57.09,56.80,56.89,13100,50.72
2006-08-16,56.25,56.81,56.25,56.78,18700,50.62
2006-08-15,55.56,55.94,55.56,55.94,700,49.87
2006-08-14,55.52,55.52,54.92,54.92,2700,48.96
2006-08-11,54.70,54.75,54.50,54.75,1000,48.81
2006-08-10,54.72,55.22,54.70,55.20,21500,49.21
2006-08-09,55.66,55.85,54.85,54.86,19800,48.91
2006-08-08,55.94,56.20,55.39,55.39,7500,49.38
2006-08-07,55.94,56.01,55.85,55.85,8900,49.79
2006-08-04,57.15,57.28,56.06,56.12,15800,50.03
2006-08-03,55.75,56.42,55.75,56.38,14400,50.26
2006-08-02,55.97,56.17,55.91,55.91,13200,49.85
2006-08-01,55.71,55.71,55.56,55.56,1700,49.53
2006-07-31,55.82,56.19,55.80,56.19,9700,50.10
2006-07-28,55.54,56.06,55.45,56.06,29100,49.98
2006-07-27,55.77,55.88,55.06,55.07,5300,49.10
2006-07-26,55.33,56.04,55.33,55.69,25200,49.65
2006-07-25,55.69,56.08,55.47,55.88,15900,49.82
2006-07-24,54.83,55.36,54.83,55.33,4300,49.33
2006-07-21,54.47,54.47,54.00,54.00,10100,48.14
2006-07-20,56.57,56.57,55.03,55.03,4100,49.06
2006-07-19,55.38,56.28,55.38,56.28,23300,50.18
2006-07-18,54.56,54.72,54.20,54.72,21400,48.78
2006-07-17,54.65,54.97,54.56,54.59,16600,48.67
2006-07-14,55.17,55.17,54.53,55.03,36900,49.06
2006-07-13,56.00,56.12,55.46,55.46,14400,49.44
2006-07-12,56.92,56.93,56.48,56.48,600,50.35
2006-07-11,56.40,57.18,56.40,57.18,20100,50.98
2006-07-10,57.29,57.44,57.01,57.01,12300,50.83
2006-07-07,57.53,57.66,57.09,57.09,9000,50.90
2006-07-06,57.97,58.00,57.57,57.63,17400,51.38
2006-07-05,57.79,57.79,57.44,57.69,77900,51.43
2006-07-03,57.71,57.71,57.71,57.71,000,51.45
2006-06-30,57.67,57.71,57.61,57.71,300,51.45
2006-06-29,56.48,57.46,56.39,57.46,2300,51.23
2006-06-28,55.52,55.67,55.52,55.64,1500,49.60
2006-06-27,56.29,56.29,56.29,56.29,100,50.18
2006-06-26,56.14,56.28,56.14,56.28,300,50.18
2006-06-23,54.91,54.91,54.91,54.91,000,48.95
2006-06-22,54.91,54.91,54.91,54.91,000,48.95
2006-06-21,54.91,54.91,54.91,54.91,000,48.95
2006-06-20,54.91,54.91,54.91,54.91,100,48.95
2006-06-19,55.79,55.79,55.79,55.79,000,49.74
2006-06-16,55.79,55.79,55.79,55.79,100,49.74
2006-06-15,55.04,56.36,55.04,56.36,2700,50.08
2006-06-14,54.51,54.63,54.51,54.63,500,48.54
2006-06-13,55.07,55.26,54.46,54.46,4000,48.39
2006-06-12,55.99,55.99,55.33,55.33,6700,49.17
2006-06-09,56.70,56.82,56.57,56.57,4400,50.27
2006-06-08,56.51,56.87,55.68,56.87,1000,50.54
2006-06-07,57.50,57.72,57.08,57.11,4100,50.75
2006-06-06,57.29,57.34,57.29,57.34,900,50.95
2006-06-05,59.21,59.21,59.21,59.21,000,52.61
2006-06-02,59.13,59.21,59.13,59.21,5100,52.61
2006-06-01,58.65,58.93,58.65,58.93,1100,52.37
2006-05-31,57.72,57.89,57.45,57.89,1600,51.44
2006-05-30,57.76,57.76,57.31,57.32,2800,50.93
2006-05-26,58.50,58.54,58.33,58.54,1900,52.02
2006-05-25,57.74,57.96,57.74,57.87,300,51.42
2006-05-24,57.02,57.27,56.16,57.14,7400,50.77
2006-05-23,58.31,58.31,57.29,57.29,14700,50.91
2006-05-22,57.17,57.50,57.17,57.48,1500,51.08
2006-05-19,57.91,58.13,57.49,58.13,4800,51.65
2006-05-18,58.70,58.70,57.71,57.71,3800,51.28
2006-05-17,58.84,58.90,58.37,58.37,16900,51.87
2006-05-16,59.38,59.38,59.38,59.38,000,52.77
2006-05-15,59.44,59.44,58.88,59.38,10100,52.77
2006-05-12,60.18,60.30,59.66,59.74,500,53.09
2006-05-11,61.92,61.92,60.92,60.92,1000,54.13
2006-05-10,62.16,62.16,62.05,62.05,200,55.14
2006-05-09,62.18,62.42,62.18,62.42,500,55.47
2006-05-08,62.29,62.29,62.29,62.29,200,55.35
2006-05-05,61.97,62.36,61.97,62.35,3500,55.40
2006-05-04,60.99,60.99,60.99,60.99,000,54.20
2006-05-03,61.10,61.10,60.99,60.99,600,54.20
2006-05-02,60.82,61.18,60.78,61.10,3100,54.29
2006-05-01,61.03,61.03,60.72,60.72,6500,53.96
2006-04-28,61.10,61.10,61.04,61.04,200,54.24
2006-04-27,60.83,61.29,60.79,60.79,7900,54.02
2006-04-26,61.27,61.27,61.06,61.06,1200,54.26
2006-04-25,61.17,61.17,60.90,60.90,200,54.12
2006-04-24,60.76,61.02,60.76,61.02,600,54.22
2006-04-21,61.50,61.50,61.23,61.49,1200,54.64
2006-04-20,61.33,61.51,61.28,61.51,1500,54.66
2006-04-19,61.75,61.75,61.75,61.75,100,54.87
2006-04-18,60.80,60.80,60.80,60.80,100,54.03
2006-04-17,59.56,59.71,59.56,59.71,800,53.06
2006-04-13,59.62,59.62,59.62,59.62,000,52.98
2006-04-12,59.40,59.62,59.40,59.62,600,52.98
2006-04-11,59.77,59.77,59.40,59.40,400,52.78
2006-04-10,60.25,60.50,60.12,60.12,700,53.42
2006-04-07,60.67,60.67,60.38,60.38,6200,53.65
2006-04-06,60.93,61.03,60.93,61.03,200,54.23
2006-04-05,60.79,61.06,60.79,61.06,300,54.26
2006-04-04,60.51,60.86,60.51,60.78,600,54.01
2006-04-03,60.84,60.84,60.84,60.84,200,54.06
2006-03-31,60.73,60.73,60.73,60.73,000,53.97
2006-03-30,61.03,61.03,60.73,60.73,300,53.97
2006-03-29,59.94,59.94,59.94,59.94,000,53.26
2006-03-28,60.00,60.37,59.94,59.94,700,53.26
2006-03-27,60.06,60.06,60.04,60.04,400,53.35
2006-03-24,59.50,59.50,59.50,59.50,000,52.87
2006-03-23,59.49,59.50,59.49,59.50,3200,52.87
2006-03-22,59.11,59.11,59.11,59.11,2500,52.53
2006-03-21,59.42,59.42,59.42,59.42,000,52.80
2006-03-20,59.42,59.42,59.42,59.42,000,52.80
2006-03-17,59.42,59.42,59.42,59.42,200,52.80
2006-03-16,59.70,59.82,59.65,59.82,700,53.03
2006-03-15,58.11,58.11,58.11,58.11,000,51.52
2006-03-14,58.11,58.11,58.11,58.11,000,51.52
2006-03-13,58.11,58.11,58.11,58.11,000,51.52
2006-03-10,58.13,58.13,58.11,58.11,200,51.52
2006-03-09,57.95,57.95,57.95,57.95,500,51.37
2006-03-08,57.25,57.25,57.25,57.25,200,50.75
2006-03-07,58.87,58.87,58.87,58.87,000,52.19
2006-03-06,58.87,58.87,58.87,58.87,000,52.19
2006-03-03,58.87,58.87,58.87,58.87,000,52.19
2006-03-02,58.87,58.87,58.87,58.87,400,52.19
2006-03-01,58.76,58.76,58.76,58.76,000,52.09
2006-02-28,58.76,58.76,58.76,58.76,000,52.09
2006-02-27,58.78,58.78,58.76,58.76,1500,52.09
2006-02-24,58.43,58.66,58.42,58.66,3700,52.00
2006-02-23,58.60,58.79,58.60,58.79,300,52.12
2006-02-22,58.25,58.25,58.25,58.25,100,51.64
2006-02-21,58.07,58.07,58.07,58.07,000,51.48
2006-02-17,58.07,58.07,58.07,58.07,000,51.48
2006-02-16,58.04,58.07,58.01,58.07,1100,51.48
2006-02-15,57.40,57.77,57.40,57.77,1000,51.21
2006-02-14,56.90,57.34,56.77,57.34,1600,50.83
2006-02-13,57.05,57.07,56.79,56.79,4200,50.35
2006-02-10,57.74,57.74,57.74,57.74,000,51.19
2006-02-09,57.79,57.79,57.74,57.74,1000,51.19
2006-02-08,57.60,57.60,57.60,57.60,000,51.06
2006-02-07,57.67,57.67,57.60,57.60,1000,51.06
2006-02-06,57.87,57.87,57.83,57.83,1000,51.27
2006-02-03,58.19,58.19,58.19,58.19,000,51.59
2006-02-02,58.39,58.47,58.18,58.19,1900,51.59
2006-02-01,58.43,58.43,58.43,58.43,400,51.80
2006-01-31,58.04,58.26,58.04,58.13,2200,51.53
2006-01-30,57.94,57.94,57.94,57.94,000,51.37
2006-01-27,57.94,57.94,57.94,57.94,000,51.37
2006-01-26,57.65,57.94,57.65,57.94,400,51.37
2006-01-25,57.49,57.49,57.24,57.25,2100,50.75
2006-01-24,56.52,56.52,56.52,56.52,000,50.11
2006-01-23,56.52,56.52,56.52,56.52,200,50.11
2006-01-20,56.61,56.61,56.61,56.61,200,50.19
2006-01-19,56.89,56.89,56.89,56.89,100,50.43
2006-01-18,56.30,56.30,56.30,56.30,000,49.91
2006-01-17,56.47,56.47,56.30,56.30,300,49.91
2006-01-13,56.86,56.86,56.86,56.86,000,50.41
2006-01-12,56.86,56.86,56.86,56.86,000,50.41
2006-01-11,56.86,56.86,56.86,56.86,500,50.41
2006-01-10,56.49,56.86,56.49,56.86,600,50.41
2006-01-09,56.32,56.54,56.32,56.54,4500,50.12
2006-01-06,55.32,55.32,55.32,55.32,000,49.04
2006-01-05,55.32,55.32,55.32,55.32,000,49.04
2006-01-04,55.24,55.32,55.24,55.32,1000,49.04
2006-01-03,54.07,54.70,53.82,54.70,6000,48.49
2005-12-30,54.03,54.03,54.03,54.03,100,47.90
2005-12-29,54.66,54.66,54.66,54.66,000,48.46
2005-12-28,54.46,54.66,54.41,54.66,13100,48.46
2005-12-27,54.98,54.98,54.98,54.98,100,48.74
2005-12-23,55.06,55.06,55.06,55.06,200,48.81
2005-12-22,54.60,54.60,54.60,54.60,5000,48.40
2005-12-21,54.52,54.55,54.45,54.50,17000,48.32
2005-12-20,54.20,54.31,54.20,54.31,1000,48.15
2005-12-19,54.75,54.75,54.75,54.75,000,48.54
2005-12-16,54.75,54.75,54.75,54.75,000,48.54
2005-12-15,55.03,55.03,54.75,54.75,1000,48.47
2005-12-14,55.22,55.22,55.12,55.12,1000,48.79
2005-12-13,55.20,55.31,55.20,55.31,1000,48.96
2005-12-12,54.85,54.85,54.85,54.85,000,48.55
2005-12-09,54.94,54.94,54.85,54.85,10000,48.55
2005-12-08,54.89,54.89,54.55,54.55,6100,48.29
2005-12-07,55.03,55.03,54.57,54.57,10100,48.31
2005-12-06,55.32,55.32,55.32,55.32,100,48.97
2005-12-05,54.88,54.88,54.82,54.82,1000,48.53
2005-12-02,54.64,54.64,54.64,54.64,000,48.37
2005-12-01,54.64,54.64,54.64,54.64,000,48.37
2005-11-30,54.64,54.64,54.64,54.64,000,48.37
2005-11-29,54.64,54.64,54.64,54.64,000,48.37
2005-11-28,54.64,54.64,54.64,54.64,000,48.37
2005-11-25,54.64,54.64,54.64,54.64,000,48.37
2005-11-23,54.64,54.64,54.64,54.64,000,48.37
2005-11-22,54.19,54.64,54.19,54.64,15300,48.37
2005-11-21,53.92,53.92,53.92,53.92,5000,47.73
2005-11-18,53.34,53.34,53.34,53.34,000,47.22
2005-11-17,53.27,53.34,53.27,53.34,20000,47.22
2005-11-16,52.39,52.39,52.39,52.39,5000,46.38
2005-11-15,53.08,53.09,52.83,53.09,10400,47.00
